"","id","heduc","heblack","interracial","years","div"
"1",9,"12-15 years",0,0,10.546,0
"2",11,"< 12 years",0,0,34.943,0
"3",13,"< 12 years",0,0,2.834,1
"4",15,"< 12 years",0,0,17.532,1
"5",33,"12-15 years",0,0,1.418,0
"6",36,"< 12 years",0,0,48.033,0
"7",43,"16+ years",0,0,16.706,0
"8",47,"< 12 years",0,0,24.999,0
"9",50,"< 12 years",0,0,24.999,0
"10",56,"< 12 years",1,0,3.869,0
"11",63,"12-15 years",1,0,7.732,0
"12",66,"12-15 years",0,0,5.2105,1
"13",70,"12-15 years",0,0,15.444,0
"14",77,"16+ years",0,0,4.085,0
"15",80,"< 12 years",0,0,17.333,0
"16",84,"12-15 years",0,0,16.331,0
"17",87,"12-15 years",0,0,35.335,0
"18",90,"< 12 years",0,0,37.67,0
"19",91,"12-15 years",0,0,19.1865,1
"20",94,"12-15 years",0,0,22.697,0
"21",109,"< 12 years",0,0,50.776,0
"22",111,"< 12 years",0,0,37.495,0
"23",114,"< 12 years",0,0,30.738,0
"24",116,"< 12 years",0,0,48.654,0
"25",118,"< 12 years",0,0,33.024,0
"26",120,"< 12 years",0,0,36.668,0
"27",122,"16+ years",0,0,27.992,0
"28",124,"16+ years",0,0,27.789,0
"29",128,"12-15 years",0,0,3.2525,1
"30",129,"12-15 years",0,0,5.67,1
"31",137,"< 12 years",0,0,17.999,0
"32",139,"< 12 years",0,0,7.5975,1
"33",141,"< 12 years",0,0,1.791,0
"34",145,"< 12 years",0,0,2.475,0
"35",148,"12-15 years",0,0,35.959,0
"36",153,"12-15 years",0,0,13.136,0
"37",160,"12-15 years",0,0,5.717,0
"38",162,"12-15 years",0,0,5.717,0
"39",164,"12-15 years",0,0,26.278,0
"40",165,"12-15 years",0,0,4.331,1
"41",166,"< 12 years",0,0,8.893,0
"42",170,"12-15 years",0,0,15.743,0
"43",183,"< 12 years",0,0,4.671,1
"44",194,"< 12 years",0,0,48.356,0
"45",196,"< 12 years",0,0,39.332,0
"46",199,"< 12 years",0,0,39.332,0
"47",212,"12-15 years",0,0,61.525,0
"48",214,"12-15 years",0,0,12.999,0
"49",219,"12-15 years",0,0,14.817,0
"50",221,"< 12 years",0,0,33.755,1
"51",223,"< 12 years",0,0,56.999,0
"52",226,"12-15 years",0,0,3.606,0
"53",228,"< 12 years",0,0,3.606,0
"54",230,"< 12 years",1,0,16.999,0
"55",232,"< 12 years",1,0,42.015,1
"56",234,"12-15 years",0,0,37.837,0
"57",237,"12-15 years",1,0,18.16,0
"58",245,"12-15 years",0,0,18.018,0
"59",254,"12-15 years",0,0,13.667,1
"60",258,"12-15 years",0,0,3.584,1
"61",264,"< 12 years",0,0,2.502,1
"62",268,"16+ years",0,0,14.7135,1
"63",271,"< 12 years",0,0,35.932,0
"64",275,"16+ years",0,0,13.864,0
"65",280,"12-15 years",0,0,25.8015,1
"66",287,"< 12 years",0,0,14.3495,1
"67",289,"< 12 years",0,0,57.506,0
"68",293,"12-15 years",0,0,7.915,1
"69",295,"< 12 years",0,0,7.162,0
"70",298,"16+ years",0,0,41.971,0
"71",300,"16+ years",0,0,12.991,0
"72",302,"12-15 years",0,0,18.3355,1
"73",305,"12-15 years",0,0,18.809,0
"74",310,"< 12 years",0,0,1.864,0
"75",312,"12-15 years",0,0,53.084,0
"76",315,"12-15 years",0,0,17.2895,1
"77",320,"12-15 years",0,0,32.167,1
"78",325,"12-15 years",0,0,18.338,0
"79",329,"12-15 years",0,0,23.469,0
"80",331,"16+ years",0,0,34.762,0
"81",333,"12-15 years",0,0,4.4325,1
"82",336,"12-15 years",0,0,19.081,0
"83",339,"< 12 years",0,0,35.8465,1
"84",341,"12-15 years",0,0,7.247,1
"85",342,"12-15 years",0,0,28.151,0
"86",344,"12-15 years",0,0,15.9975,1
"87",346,"< 12 years",0,0,2.2125,1
"88",350,"16+ years",0,0,8.789,0
"89",351,"16+ years",0,0,8.789,0
"90",353,"16+ years",0,0,17.999,0
"91",357,"16+ years",0,0,14.084,0
"92",362,"< 12 years",0,0,27.009,0
"93",364,"< 12 years",1,0,42.313,0
"94",370,"< 12 years",0,0,9.002,0
"95",372,"< 12 years",0,0,35.001,0
"96",375,"< 12 years",0,0,35.001,0
"97",377,"< 12 years",0,0,5.0025,1
"98",385,"12-15 years",0,0,37.248,0
"99",390,"< 12 years",0,0,34.653,0
"100",392,"12-15 years",0,0,16.605,0
"101",394,"< 12 years",0,0,44.841,0
"102",398,"12-15 years",0,0,11.671,0
"103",399,"12-15 years",0,0,20.504,0
"104",405,"16+ years",0,0,6.913,0
"105",408,"< 12 years",0,0,22.404,0
"106",410,"< 12 years",0,0,31.485,0
"107",418,"< 12 years",0,0,3.4965,1
"108",425,"< 12 years",0,0,24,0
"109",427,"< 12 years",0,0,33.851,0
"110",428,"12-15 years",0,0,14.576,0
"111",431,"< 12 years",0,0,2.0015,1
"112",434,"12-15 years",0,0,52.663,0
"113",437,"< 12 years",0,0,2.6095,1
"114",439,"16+ years",0,0,22.719,0
"115",445,"12-15 years",0,0,4.5805,1
"116",447,"< 12 years",0,0,43.751,0
"117",449,"< 12 years",0,0,42.062,0
"118",451,"16+ years",0,0,29.07,0
"119",454,"16+ years",0,0,29.07,0
"120",457,"12-15 years",0,0,56.052,0
"121",462,"12-15 years",0,0,17.081,1
"122",468,"12-15 years",0,0,27.168,0
"123",470,"< 12 years",0,0,6.001,0
"124",475,"12-15 years",0,0,5.919,1
"125",477,"12-15 years",0,0,20,0
"126",479,"16+ years",0,0,10.456,1
"127",485,"< 12 years",0,0,26.971,0
"128",493,"< 12 years",0,0,53.84,0
"129",496,"12-15 years",1,0,11.581,1
"130",502,"16+ years",1,0,22.976,0
"131",504,"< 12 years",0,0,32.999,0
"132",508,"12-15 years",0,0,8.3615,1
"133",510,"12-15 years",0,0,17.084,1
"134",512,"12-15 years",0,0,8.003,0
"135",513,"12-15 years",0,0,3.775,0
"136",520,"12-15 years",0,0,3.565,0
"137",528,"< 12 years",0,0,4.977,0
"138",530,"12-15 years",0,0,5.246,0
"139",537,"12-15 years",0,0,1.257,0
"140",551,"12-15 years",0,0,0.6,0
"141",553,"< 12 years",0,0,40.501,0
"142",559,"12-15 years",0,0,49.002,0
"143",561,"< 12 years",0,0,6.0015,1
"144",566,"12-15 years",0,0,1.878,0
"145",576,"12-15 years",1,0,7.003,0
"146",579,"12-15 years",1,0,7.003,0
"147",581,"16+ years",0,0,41.199,0
"148",584,"12-15 years",0,0,47.546,0
"149",590,"12-15 years",0,0,21.467,0
"150",592,"16+ years",0,0,21.002,1
"151",600,"12-15 years",0,0,21.467,0
"152",602,"< 12 years",0,0,24.832,0
"153",604,"< 12 years",0,0,41.999,0
"154",606,"< 12 years",0,0,16.972,0
"155",607,"12-15 years",1,0,14.867,0
"156",613,"12-15 years",1,0,7.1675,1
"157",615,"< 12 years",1,0,21.498,1
"158",616,"12-15 years",1,0,7.1675,1
"159",620,"12-15 years",0,0,13.421,0
"160",628,"12-15 years",0,0,15.849,0
"161",638,"12-15 years",0,0,19.425,0
"162",676,"16+ years",0,0,9.336,1
"163",684,"16+ years",0,0,10.587,1
"164",686,"< 12 years",0,0,8.668,1
"165",688,"< 12 years",0,0,34.004,0
"166",690,"< 12 years",0,0,31.997,0
"167",693,"12-15 years",0,0,9.5825,1
"168",700,"12-15 years",0,0,48.46,0
"169",702,"12-15 years",0,0,12.527,1
"170",705,"12-15 years",0,0,20.252,0
"171",713,"12-15 years",0,0,5.002,1
"172",716,"16+ years",0,0,4.4955,1
"173",718,"12-15 years",0,0,6.776,1
"174",720,"12-15 years",0,0,12,0
"175",721,"12-15 years",0,0,13.5795,1
"176",725,"12-15 years",0,0,11.291,1
"177",728,"< 12 years",0,0,40.602,0
"178",730,"< 12 years",0,0,54.412,0
"179",734,"12-15 years",0,0,9.563,0
"180",740,"12-15 years",0,0,7.901,0
"181",748,"16+ years",0,0,24.03,0
"182",751,"16+ years",0,0,7.901,0
"183",753,"< 12 years",0,0,43.685,0
"184",756,"< 12 years",0,0,43.685,0
"185",759,"12-15 years",0,0,29.366,0
"186",763,"12-15 years",0,0,2.554,0
"187",769,"12-15 years",0,0,4.668,1
"188",771,"12-15 years",0,0,4.9585,1
"189",774,"12-15 years",0,0,2.554,0
"190",780,"12-15 years",0,0,4.7365,1
"191",786,"12-15 years",0,0,1.624,0
"192",789,"16+ years",0,0,42.919,0
"193",791,"< 12 years",0,0,14.972,1
"194",794,"12-15 years",0,0,3.748,1
"195",798,"12-15 years",0,0,1.106,0
"196",807,"12-15 years",0,0,2.6695,1
"197",809,"< 12 years",0,0,34.998,0
"198",811,"< 12 years",0,0,34.075,1
"199",814,"12-15 years",1,0,20.999,0
"200",818,"< 12 years",0,0,46.979,0
"201",820,"16+ years",0,0,28.775,0
"202",823,"12-15 years",0,0,61.407,0
"203",829,"< 12 years",0,0,2.998,0
"204",831,"16+ years",0,0,22.475,0
"205",840,"16+ years",0,0,10.743,0
"206",842,"< 12 years",0,0,35.335,0
"207",844,"12-15 years",0,0,32.175,0
"208",846,"< 12 years",0,0,38.149,0
"209",852,"12-15 years",0,0,11.2525,1
"210",856,"< 12 years",0,0,1.3335,1
"211",859,"< 12 years",0,0,55.833,0
"212",863,"< 12 years",0,0,41.164,0
"213",868,"< 12 years",0,0,37.06,0
"214",872,"< 12 years",0,0,4.9005,1
"215",875,"12-15 years",0,0,28.738,1
"216",877,"12-15 years",0,0,1.232,1
"217",880,"16+ years",0,0,29.634,0
"218",883,"< 12 years",0,0,13.999,0
"219",885,"12-15 years",0,0,38.324,0
"220",887,"16+ years",0,0,5.541,0
"221",895,"16+ years",0,0,37.268,0
"222",900,"< 12 years",1,0,53.459,0
"223",902,"< 12 years",1,0,30.96,0
"224",904,"< 12 years",0,0,7.001,0
"225",912,"< 12 years",0,0,46.1,0
"226",915,"12-15 years",0,0,54.79,0
"227",917,"16+ years",0,0,30.001,0
"228",919,"16+ years",0,0,36.252,0
"229",926,"< 12 years",1,0,24.999,0
"230",929,"< 12 years",0,0,32,0
"231",931,"< 12 years",0,0,25.999,0
"232",936,"12-15 years",1,0,9.421,1
"233",937,"12-15 years",0,1,8.783,0
"234",940,"12-15 years",0,0,40.252,0
"235",942,"< 12 years",0,0,6.875,1
"236",947,"16+ years",0,0,13.588,1
"237",952,"12-15 years",0,0,21.736,0
"238",957,"12-15 years",0,0,13.057,0
"239",960,"< 12 years",0,0,35.028,0
"240",963,"< 12 years",1,0,24.26,0
"241",964,"< 12 years",1,0,22.015,0
"242",971,"< 12 years",0,0,34.571,0
"243",973,"< 12 years",0,0,22.998,0
"244",976,"16+ years",0,0,46.823,0
"245",979,"12-15 years",0,0,47.17,0
"246",982,"12-15 years",0,0,20.093,0
"247",986,"12-15 years",0,0,12.887,0
"248",987,"12-15 years",0,0,12.887,0
"249",989,"< 12 years",0,0,32.167,0
"250",991,"< 12 years",0,0,52.671,0
"251",996,"16+ years",0,0,20.665,0
"252",1002,"16+ years",0,0,18.76,0
"253",1005,"16+ years",0,0,18.76,0
"254",1008,"12-15 years",0,0,10.587,1
"255",1010,"16+ years",0,0,7.6715,1
"256",1012,"16+ years",0,0,25.073,0
"257",1015,"16+ years",0,0,30.773,0
"258",1021,"< 12 years",0,0,0.879,0
"259",1024,"12-15 years",0,0,1.002,0
"260",1031,"12-15 years",0,0,48.802,0
"261",1053,"12-15 years",0,0,3.669,0
"262",1056,"16+ years",0,0,23.001,0
"263",1060,"< 12 years",0,0,48.413,0
"264",1061,"16+ years",0,0,14.511,0
"265",1063,"< 12 years",0,0,49.916,0
"266",1066,"12-15 years",0,0,60.504,0
"267",1068,"< 12 years",0,0,21.9315,1
"268",1069,"12-15 years",0,0,4.482,0
"269",1074,"< 12 years",0,0,55.581,0
"270",1076,"12-15 years",0,0,42.582,0
"271",1077,"16+ years",0,0,26.604,0
"272",1079,"12-15 years",0,0,36.301,1
"273",1084,"12-15 years",0,0,8,1
"274",1087,"12-15 years",0,0,32.668,0
"275",1089,"< 12 years",0,0,20.999,0
"276",1091,"< 12 years",0,0,57.049,0
"277",1098,"12-15 years",0,0,2.0835,1
"278",1099,"12-15 years",0,0,9.016,0
"279",1101,"< 12 years",0,0,44,0
"280",1110,"< 12 years",0,0,55.496,0
"281",1112,"< 12 years",0,0,61.832,0
"282",1115,"< 12 years",0,0,17.169,1
"283",1121,"< 12 years",0,0,14.7955,1
"284",1127,"12-15 years",0,0,10.6695,1
"285",1131,"12-15 years",0,0,3.31,1
"286",1133,"12-15 years",0,0,7.4345,1
"287",1134,"12-15 years",0,0,18.757,1
"288",1137,"12-15 years",0,0,3.888,0
"289",1139,"16+ years",0,0,21.7465,1
"290",1143,"< 12 years",0,0,3.425,0
"291",1145,"12-15 years",0,0,10.872,1
"292",1149,"12-15 years",0,0,27.97,0
"293",1151,"12-15 years",0,0,14.0125,1
"294",1153,"12-15 years",1,0,21.0045,1
"295",1155,"16+ years",0,0,4.49,0
"296",1160,"12-15 years",0,0,10.653,0
"297",1161,"12-15 years",0,0,10.653,0
"298",1164,"12-15 years",0,0,59.948,0
"299",1166,"16+ years",0,0,9.0105,1
"300",1169,"16+ years",0,0,8.999,1
"301",1172,"< 12 years",0,0,49.35,0
"302",1174,"< 12 years",0,0,56.101,0
"303",1176,"< 12 years",0,0,14.012,0
"304",1178,"< 12 years",0,0,22.982,0
"305",1180,"< 12 years",0,0,44.077,0
"306",1184,"16+ years",0,0,47.88,0
"307",1186,"< 12 years",0,0,10.5955,1
"308",1188,"12-15 years",0,0,4.665,1
"309",1191,"12-15 years",0,0,50.653,0
"310",1197,"12-15 years",0,0,13.029,0
"311",1206,"< 12 years",0,0,57.164,0
"312",1209,"12-15 years",0,0,1.4605,1
"313",1210,"16+ years",0,0,24.747,0
"314",1212,"< 12 years",0,0,51.001,0
"315",1213,"16+ years",0,0,14.198,0
"316",1216,"16+ years",0,0,44.383,0
"317",1218,"< 12 years",0,0,36.205,1
"318",1221,"12-15 years",0,0,47.001,0
"319",1223,"12-15 years",0,0,50.962,0
"320",1226,"12-15 years",0,0,38.42,0
"321",1230,"< 12 years",0,0,23.458,0
"322",1232,"< 12 years",0,0,48.559,0
"323",1236,"12-15 years",0,0,10.9325,1
"324",1238,"< 12 years",0,0,44.063,0
"325",1241,"16+ years",0,0,22.579,0
"326",1253,"< 12 years",0,0,1.251,1
"327",1263,"< 12 years",0,0,16.309,0
"328",1273,"12-15 years",0,0,2.8335,1
"329",1278,"12-15 years",0,0,15.671,0
"330",1282,"16+ years",0,0,11.587,0
"331",1291,"12-15 years",0,0,6.39,1
"332",1292,"12-15 years",0,0,15.6715,1
"333",1295,"12-15 years",1,0,17.7765,1
"334",1297,"< 12 years",1,1,10.6355,1
"335",1300,"< 12 years",1,0,54.505,0
"336",1308,"16+ years",1,0,14.631,0
"337",1317,"12-15 years",1,0,16.057,0
"338",1322,"< 12 years",0,0,19.001,0
"339",1325,"< 12 years",0,0,19.001,0
"340",1329,"12-15 years",0,0,3.165,0
"341",1332,"< 12 years",0,0,24.671,0
"342",1336,"16+ years",0,0,1.1075,1
"343",1339,"< 12 years",0,0,27.499,1
"344",1345,"12-15 years",0,0,17.254,1
"345",1357,"16+ years",0,0,15.003,0
"346",1360,"16+ years",0,0,14.768,0
"347",1362,"12-15 years",0,0,8.6845,1
"348",1366,"< 12 years",0,0,9.0855,1
"349",1367,"12-15 years",0,0,6.0205,1
"350",1369,"12-15 years",0,0,32.706,0
"351",1372,"12-15 years",0,0,32.706,0
"352",1374,"12-15 years",0,0,33.498,0
"353",1376,"16+ years",0,0,30.653,1
"354",1379,"16+ years",0,0,34.04,0
"355",1381,"< 12 years",0,0,55.398,0
"356",1383,"< 12 years",0,0,51.707,0
"357",1385,"16+ years",0,0,33.207,0
"358",1386,"16+ years",0,0,8.758,0
"359",1388,"< 12 years",0,0,50.001,0
"360",1399,"16+ years",0,0,18.971,0
"361",1405,"16+ years",0,0,21.804,0
"362",1412,"16+ years",0,0,5.53,0
"363",1418,"< 12 years",0,0,42.341,0
"364",1425,"12-15 years",0,0,10.179,0
"365",1426,"12-15 years",0,0,0.972,0
"366",1434,"12-15 years",0,0,0.972,0
"367",1439,"< 12 years",0,0,14.565,0
"368",1470,"12-15 years",0,0,13.689,0
"369",1475,"12-15 years",0,0,7.368,0
"370",1477,"12-15 years",0,0,25.084,0
"371",1483,"12-15 years",0,0,22.242,0
"372",1486,"12-15 years",0,0,5.1525,1
"373",1489,"12-15 years",0,0,18.858,0
"374",1491,"< 12 years",0,0,7.5815,1
"375",1493,"16+ years",0,0,37.5005,1
"376",1495,"< 12 years",0,0,53.498,0
"377",1500,"12-15 years",0,0,6.407,0
"378",1506,"16+ years",0,0,3.811,0
"379",1509,"< 12 years",0,0,9.569,0
"380",1511,"16+ years",0,0,40.115,0
"381",1514,"12-15 years",0,0,34.582,0
"382",1519,"16+ years",0,0,7.546,0
"383",1520,"16+ years",0,0,7.546,0
"384",1522,"12-15 years",0,0,58.053,0
"385",1528,"12-15 years",0,0,11.272,0
"386",1534,"< 12 years",0,0,60.208,0
"387",1536,"< 12 years",0,0,22.001,0
"388",1539,"12-15 years",0,0,21.164,0
"389",1546,"16+ years",0,0,20,1
"390",1555,"12-15 years",0,0,4.252,1
"391",1589,"12-15 years",0,0,11.1675,1
"392",1596,"16+ years",0,0,10.2065,1
"393",1599,"16+ years",0,0,50.385,0
"394",1603,"< 12 years",0,1,5.848,0
"395",1609,"16+ years",0,0,1.6125,1
"396",1611,"< 12 years",0,0,35.381,0
"397",1624,"12-15 years",0,0,6.795,0
"398",1632,"16+ years",0,0,2.012,0
"399",1634,"12-15 years",0,0,4.082,1
"400",1648,"12-15 years",0,0,1.807,0
"401",1657,"12-15 years",0,0,4.739,1
"402",1661,"16+ years",0,0,5.09,0
"403",1668,"< 12 years",0,0,6.754,1
"404",1670,"< 12 years",0,0,32.769,0
"405",1685,"12-15 years",0,0,25.774,0
"406",1690,"12-15 years",0,0,5.966,0
"407",1693,"16+ years",0,0,7.966,1
"408",1695,"< 12 years",0,0,52.611,0
"409",1697,"16+ years",0,0,54.166,0
"410",1701,"12-15 years",0,0,22.765,0
"411",1704,"< 12 years",0,0,5.0025,1
"412",1707,"12-15 years",0,0,29.229,0
"413",1709,"< 12 years",0,0,49.125,0
"414",1713,"12-15 years",0,0,39.488,0
"415",1715,"< 12 years",0,0,45.087,0
"416",1717,"12-15 years",0,0,4.6925,1
"417",1720,"16+ years",0,0,9.999,1
"418",1724,"< 12 years",0,0,2.3355,1
"419",1726,"12-15 years",0,0,11.88,0
"420",1736,"12-15 years",0,0,8.654,0
"421",1745,"< 12 years",0,0,2.042,0
"422",1749,"12-15 years",0,0,20.066,0
"423",1754,"12-15 years",0,0,10.36,0
"424",1758,"16+ years",0,0,24.8325,1
"425",1760,"12-15 years",0,0,27.47,1
"426",1769,"12-15 years",0,0,14.743,0
"427",1778,"12-15 years",0,0,7.198,0
"428",1781,"< 12 years",0,0,12.999,0
"429",1783,"< 12 years",0,0,45.235,0
"430",1787,"16+ years",0,0,13.58,1
"431",1789,"12-15 years",0,0,21.706,0
"432",1791,"< 12 years",0,0,37.582,0
"433",1795,"12-15 years",0,0,4.9145,1
"434",1798,"12-15 years",0,0,14.196,0
"435",1805,"12-15 years",0,0,2.6095,1
"436",1813,"12-15 years",0,0,20.419,1
"437",1814,"< 12 years",0,0,0.381,0
"438",1817,"< 12 years",0,0,61.771,0
"439",1820,"16+ years",0,0,42.847,0
"440",1826,"12-15 years",0,0,23.565,0
"441",1835,"12-15 years",0,0,42.01,0
"442",1837,"< 12 years",0,0,46.138,0
"443",1841,"12-15 years",0,0,21.44,0
"444",1843,"12-15 years",0,0,17.002,1
"445",1846,"< 12 years",0,0,53.405,0
"446",1852,"12-15 years",0,0,9.166,1
"447",1853,"12-15 years",0,0,10.831,0
"448",1861,"16+ years",0,0,5.038,0
"449",1867,"< 12 years",0,0,10.182,0
"450",1868,"< 12 years",0,0,23.348,0
"451",1870,"12-15 years",0,0,10.1655,1
"452",1872,"< 12 years",0,0,35.001,0
"453",1877,"12-15 years",0,0,0.561,0
"454",1879,"12-15 years",0,0,43.08,0
"455",1881,"12-15 years",0,0,12.241,0
"456",1883,"16+ years",0,0,3.874,0
"457",1887,"< 12 years",0,0,6.023,0
"458",1890,"12-15 years",0,0,0.912,1
"459",1895,"12-15 years",0,0,0.767,0
"460",1902,"12-15 years",0,0,8.75,1
"461",1921,"< 12 years",0,0,4.331,0
"462",1924,"< 12 years",0,0,13.999,0
"463",1934,"12-15 years",0,0,15.559,0
"464",1943,"12-15 years",0,0,17.331,0
"465",1945,"12-15 years",0,0,15.559,0
"466",1948,"12-15 years",0,0,6.5815,1
"467",1955,"< 12 years",0,0,6.086,1
"468",1964,"< 12 years",0,0,4.419,1
"469",1969,"12-15 years",0,0,5.914,1
"470",1976,"< 12 years",0,0,36.356,0
"471",1981,"12-15 years",0,0,0.608,1
"472",1985,"< 12 years",0,0,24.999,0
"473",1987,"< 12 years",0,0,6.2505,1
"474",1994,"12-15 years",0,0,16.726,0
"475",1996,"12-15 years",0,0,11.833,0
"476",1999,"12-15 years",0,0,29.823,0
"477",2001,"12-15 years",0,0,5.9195,1
"478",2005,"< 12 years",0,1,9.662,0
"479",2031,"12-15 years",0,0,40.597,0
"480",2034,"12-15 years",0,0,40.597,0
"481",2036,"12-15 years",0,0,0.9745,1
"482",2042,"< 12 years",0,0,7.313,1
"483",2049,"< 12 years",0,0,3.526,0
"484",2051,"< 12 years",0,0,29.999,0
"485",2064,"16+ years",0,0,11.584,0
"486",2067,"< 12 years",0,0,18.998,0
"487",2069,"< 12 years",0,0,31.017,0
"488",2073,"< 12 years",0,0,24.4035,1
"489",2075,"< 12 years",0,0,55.915,0
"490",2078,"< 12 years",0,0,55.915,0
"491",2081,"16+ years",0,0,7.406,1
"492",2083,"12-15 years",0,0,1.9985,1
"493",2085,"12-15 years",0,0,18.374,0
"494",2091,"12-15 years",0,0,28.501,0
"495",2093,"16+ years",0,0,21.829,0
"496",2095,"16+ years",0,0,24,0
"497",2098,"16+ years",0,0,24,0
"498",2101,"12-15 years",0,0,38.215,0
"499",2107,"< 12 years",0,0,18.3765,1
"500",2117,"< 12 years",0,0,19.347,1
"501",2119,"12-15 years",0,0,21.591,1
"502",2122,"16+ years",0,0,21.591,1
"503",2126,"12-15 years",0,0,32.033,0
"504",2128,"16+ years",0,0,27.42,0
"505",2132,"16+ years",0,0,46.36,0
"506",2136,"12-15 years",0,0,3.918,1
"507",2139,"12-15 years",0,0,5.251,1
"508",2141,"12-15 years",0,0,1.793,0
"509",2148,"12-15 years",0,0,24.025,0
"510",2149,"12-15 years",0,0,24.025,0
"511",2151,"16+ years",0,0,25.555,0
"512",2154,"16+ years",0,0,21.591,0
"513",2157,"12-15 years",0,0,23.639,0
"514",2163,"16+ years",0,0,32.394,0
"515",2167,"16+ years",0,0,1.114,0
"516",2175,"12-15 years",0,0,34.001,0
"517",2177,"< 12 years",1,0,30.094,0
"518",2179,"< 12 years",1,0,45.944,0
"519",2181,"< 12 years",0,0,24.794,1
"520",2183,"12-15 years",0,0,39.959,0
"521",2186,"12-15 years",0,0,38.702,0
"522",2190,"< 12 years",0,0,5.812,0
"523",2192,"< 12 years",0,0,5.3335,1
"524",2195,"16+ years",0,0,57.919,0
"525",2198,"12-15 years",0,0,3.003,0
"526",2200,"< 12 years",1,0,15.5465,1
"527",2203,"< 12 years",1,0,11.671,0
"528",2208,"12-15 years",0,0,13.498,0
"529",2211,"< 12 years",0,0,6.483,1
"530",2215,"< 12 years",0,0,0.991,0
"531",2223,"16+ years",0,0,13.807,0
"532",2225,"< 12 years",0,0,18.01,0
"533",2227,"< 12 years",0,1,15.707,0
"534",2235,"12-15 years",0,0,28.252,0
"535",2239,"< 12 years",0,0,1.714,0
"536",2246,"12-15 years",0,0,1.328,1
"537",2256,"12-15 years",0,0,10.2505,1
"538",2259,"12-15 years",0,0,18.122,1
"539",2260,"< 12 years",0,0,3.548,0
"540",2262,"12-15 years",0,0,12.723,0
"541",2266,"< 12 years",0,0,13.1005,1
"542",2271,"12-15 years",0,0,3.548,0
"543",2274,"16+ years",0,0,31.5945,1
"544",2279,"< 12 years",0,0,8.063,0
"545",2295,"12-15 years",0,0,25.7495,1
"546",2298,"16+ years",0,0,30.251,0
"547",2317,"< 12 years",0,0,44.131,0
"548",2321,"< 12 years",0,0,6.869,1
"549",2322,"12-15 years",0,0,7.2715,1
"550",2324,"< 12 years",1,0,22.7995,1
"551",2328,"12-15 years",1,0,8.9145,1
"552",2348,"12-15 years",1,0,23.488,0
"553",2350,"< 12 years",0,0,30.166,0
"554",2352,"12-15 years",0,0,11.001,1
"555",2358,"12-15 years",0,0,31.0005,1
"556",2361,"16+ years",0,0,14.842,0
"557",2367,"16+ years",0,0,8.11,0
"558",2370,"< 12 years",1,0,50.919,0
"559",2375,"16+ years",1,0,9.719,0
"560",2377,"< 12 years",1,0,22.4995,1
"561",2379,"< 12 years",0,0,23.7505,1
"562",2382,"< 12 years",0,0,38.33,0
"563",2384,"< 12 years",0,0,31.373,0
"564",2389,"12-15 years",0,0,6.048,0
"565",2398,"16+ years",0,0,3.0005,1
"566",2401,"16+ years",0,0,4.9885,1
"567",2405,"16+ years",0,0,1.93,1
"568",2407,"12-15 years",0,0,20.167,1
"569",2410,"12-15 years",0,0,20.3315,1
"570",2415,"< 12 years",0,0,5.993,0
"571",2428,"12-15 years",0,0,2.0805,1
"572",2432,"12-15 years",0,0,15.116,0
"573",2434,"16+ years",0,0,20.381,0
"574",2437,"12-15 years",0,0,21.832,0
"575",2439,"12-15 years",0,0,46.806,0
"576",2440,"16+ years",0,0,8.843,0
"577",2446,"12-15 years",0,0,11.444,0
"578",2453,"12-15 years",0,0,6.738,1
"579",2455,"16+ years",0,0,3.838,0
"580",2458,"12-15 years",0,0,30.185,0
"581",2462,"< 12 years",0,0,3.42,1
"582",2473,"< 12 years",0,0,23.422,0
"583",2482,"12-15 years",0,0,36.474,0
"584",2485,"12-15 years",0,0,36.474,0
"585",2487,"12-15 years",0,0,42.924,0
"586",2490,"12-15 years",0,0,42.924,0
"587",2502,"12-15 years",0,0,30.913,0
"588",2504,"16+ years",0,0,32.986,0
"589",2508,"16+ years",0,0,5.752,0
"590",2515,"< 12 years",0,0,0.548,0
"591",2518,"16+ years",0,0,22.664,0
"592",2520,"12-15 years",0,0,38.595,0
"593",2523,"12-15 years",0,0,38.587,0
"594",2528,"12-15 years",0,0,18.404,0
"595",2546,"12-15 years",0,0,16.504,0
"596",2548,"12-15 years",0,0,42.834,0
"597",2556,"< 12 years",0,0,4.838,0
"598",2558,"12-15 years",0,0,11.332,1
"599",2563,"16+ years",0,0,4.838,0
"600",2566,"16+ years",0,0,45.626,0
"601",2568,"16+ years",0,0,32.83,0
"602",2572,"12-15 years",0,0,12.172,0
"603",2578,"12-15 years",0,0,13.194,0
"604",2581,"12-15 years",0,0,12.172,0
"605",2587,"12-15 years",0,0,11.047,0
"606",2589,"< 12 years",0,0,46.333,0
"607",2592,"< 12 years",0,0,45.749,0
"608",2594,"12-15 years",0,0,35.584,0
"609",2597,"12-15 years",0,0,28.999,0
"610",2598,"12-15 years",0,0,23.702,0
"611",2602,"< 12 years",1,0,50.084,0
"612",2604,"< 12 years",1,0,6.001,0
"613",2610,"12-15 years",1,0,4,0
"614",2612,"12-15 years",0,0,15.7385,1
"615",2616,"12-15 years",0,0,5.266,1
"616",2619,"< 12 years",0,0,49.588,0
"617",2621,"12-15 years",0,0,12.419,1
"618",2624,"16+ years",0,0,3.001,1
"619",2628,"16+ years",0,0,22.667,0
"620",2630,"16+ years",0,0,25.027,0
"621",2632,"12-15 years",0,0,24.003,0
"622",2634,"12-15 years",0,0,39.023,0
"623",2636,"12-15 years",0,0,29.218,0
"624",2638,"12-15 years",0,0,14.638,1
"625",2647,"< 12 years",0,0,7.551,0
"626",2656,"12-15 years",0,0,10.9155,1
"627",2660,"12-15 years",0,0,15.422,0
"628",2662,"12-15 years",0,0,9.139,0
"629",2664,"16+ years",0,0,43.929,0
"630",2668,"12-15 years",0,0,6.505,1
"631",2671,"12-15 years",0,0,30.546,0
"632",2674,"16+ years",0,0,58.916,0
"633",2676,"< 12 years",0,0,5.667,1
"634",2679,"< 12 years",0,0,22.935,0
"635",2682,"< 12 years",0,0,12.999,1
"636",2684,"12-15 years",1,0,21.999,0
"637",2688,"< 12 years",0,0,45.437,0
"638",2690,"< 12 years",0,0,14.998,0
"639",2698,"< 12 years",0,0,62.861,0
"640",2700,"< 12 years",0,0,32.079,0
"641",2701,"12-15 years",0,0,9.914,0
"642",2702,"16+ years",0,0,6.152,0
"643",2703,"12-15 years",0,0,7.42,1
"644",2705,"< 12 years",0,0,35.937,0
"645",2708,"< 12 years",0,0,38.001,0
"646",2712,"< 12 years",0,0,32.186,0
"647",2714,"12-15 years",0,0,19.997,0
"648",2716,"12-15 years",1,0,5.013,1
"649",2719,"12-15 years",0,0,39.001,0
"650",2727,"< 12 years",0,0,5.86,0
"651",2729,"12-15 years",0,0,29.35,0
"652",2737,"< 12 years",0,0,27.997,0
"653",2739,"12-15 years",0,0,2.001,0
"654",2742,"< 12 years",0,0,30.749,0
"655",2747,"12-15 years",0,0,5.503,1
"656",2752,"< 12 years",0,0,8.246,1
"657",2754,"16+ years",0,0,33.919,0
"658",2757,"< 12 years",0,0,54.749,0
"659",2760,"12-15 years",0,0,11.5425,1
"660",2762,"< 12 years",0,0,3.817,0
"661",2764,"< 12 years",0,0,28.8025,1
"662",2767,"16+ years",1,0,20.756,0
"663",2772,"16+ years",0,0,27.937,0
"664",2775,"12-15 years",0,0,20.55,0
"665",2779,"12-15 years",0,0,8.8435,1
"666",2785,"12-15 years",0,0,3.4195,1
"667",2787,"12-15 years",0,0,2.1685,1
"668",2795,"< 12 years",0,0,3.639,0
"669",2801,"12-15 years",0,0,8.523,0
"670",2804,"16+ years",0,0,31.477,1
"671",2811,"12-15 years",0,0,19.833,1
"672",2817,"12-15 years",0,0,1.8315,1
"673",2827,"12-15 years",0,0,5.166,1
"674",2829,"< 12 years",0,0,1.199,1
"675",2834,"< 12 years",0,0,1.336,1
"676",2838,"< 12 years",0,0,22.322,0
"677",2842,"12-15 years",0,0,42.604,0
"678",2849,"< 12 years",0,0,31.138,0
"679",2854,"< 12 years",0,0,7.496,0
"680",2858,"< 12 years",0,0,54.338,0
"681",2861,"< 12 years",0,0,54.001,0
"682",2863,"16+ years",0,0,13.585,0
"683",2873,"< 12 years",0,0,37.823,0
"684",2877,"12-15 years",1,0,24.994,0
"685",2879,"12-15 years",0,0,39.05,0
"686",2880,"12-15 years",0,0,1.999,0
"687",2882,"12-15 years",0,0,1.002,0
"688",2893,"< 12 years",0,0,14.771,0
"689",2903,"< 12 years",0,0,1.673,1
"690",2904,"16+ years",0,0,13.916,0
"691",2907,"16+ years",0,0,8.991,0
"692",2910,"< 12 years",0,0,10.245,1
"693",2913,"< 12 years",0,0,15.915,1
"694",2915,"< 12 years",0,0,41.999,0
"695",2918,"< 12 years",0,0,41.999,0
"696",2927,"12-15 years",0,0,40.903,0
"697",2937,"12-15 years",0,0,5.818,0
"698",2938,"12-15 years",0,0,5.999,0
"699",2941,"12-15 years",0,0,10.664,1
"700",2943,"12-15 years",0,0,11.502,1
"701",2944,"16+ years",0,0,41.173,0
"702",2947,"12-15 years",0,0,17.889,0
"703",2950,"12-15 years",0,0,25.221,0
"704",2953,"12-15 years",0,0,22.782,0
"705",2955,"12-15 years",0,0,40.107,0
"706",2959,"16+ years",0,0,11.693,0
"707",2964,"16+ years",0,0,4.323,0
"708",2966,"16+ years",0,0,3.995,0
"709",2967,"16+ years",0,0,6.062,0
"710",2968,"16+ years",0,0,10.116,0
"711",2970,"16+ years",0,0,1.588,1
"712",2976,"16+ years",0,0,7.064,0
"713",2979,"12-15 years",0,0,23.496,0
"714",2983,"12-15 years",0,0,20.523,1
"715",2985,"< 12 years",0,0,44.58,0
"716",2987,"< 12 years",0,0,31.42,0
"717",2990,"< 12 years",0,0,31.42,0
"718",2996,"12-15 years",0,0,7.0445,1
"719",2998,"< 12 years",0,0,31.441,0
"720",2999,"12-15 years",0,0,6.111,0
"721",3002,"12-15 years",0,0,24.646,0
"722",3005,"< 12 years",0,0,27.918,1
"723",3009,"12-15 years",0,0,12.178,1
"724",3018,"12-15 years",0,0,2.897,0
"725",3019,"< 12 years",0,0,1.084,1
"726",3026,"12-15 years",0,0,2.5875,1
"727",3038,"16+ years",0,0,9.922,0
"728",3040,"12-15 years",0,0,18.998,0
"729",3044,"12-15 years",0,0,17.706,0
"730",3052,"12-15 years",0,0,2.867,0
"731",3059,"< 12 years",1,0,41.848,0
"732",3062,"< 12 years",1,0,41.848,0
"733",3067,"< 12 years",1,0,6.834,1
"734",3074,"< 12 years",1,0,7.504,0
"735",3082,"12-15 years",0,0,19.759,1
"736",3084,"12-15 years",0,0,6.694,0
"737",3085,"< 12 years",0,0,3.636,0
"738",3089,"< 12 years",0,0,50.007,0
"739",3091,"< 12 years",0,0,44.235,0
"740",3093,"< 12 years",0,0,29.246,0
"741",3102,"< 12 years",0,0,8.572,0
"742",3103,"12-15 years",0,0,7.51,0
"743",3106,"< 12 years",0,0,52.578,0
"744",3110,"< 12 years",0,0,23.411,0
"745",3112,"12-15 years",0,0,4.706,0
"746",3114,"12-15 years",0,0,16.016,0
"747",3119,"12-15 years",0,0,14.842,0
"748",3123,"16+ years",0,0,18.349,0
"749",3131,"16+ years",0,0,18.349,0
"750",3134,"12-15 years",0,0,30.998,0
"751",3136,"< 12 years",0,0,2.428,0
"752",3144,"12-15 years",0,0,8.085,1
"753",3151,"< 12 years",0,0,5.708,0
"754",3154,"16+ years",0,0,9.752,0
"755",3158,"12-15 years",0,0,19.414,1
"756",3164,"12-15 years",0,0,7.504,0
"757",3165,"12-15 years",0,0,21.741,0
"758",3167,"12-15 years",0,0,45.867,0
"759",3173,"12-15 years",0,0,15.784,0
"760",3180,"12-15 years",0,0,18.664,0
"761",3181,"< 12 years",0,0,1.697,0
"762",3184,"16+ years",0,0,21.903,0
"763",3187,"< 12 years",0,0,20.9175,1
"764",3192,"12-15 years",0,0,14.051,0
"765",3202,"12-15 years",0,0,1.254,1
"766",3206,"< 12 years",1,0,22.376,0
"767",3224,"16+ years",0,0,12.939,0
"768",3227,"< 12 years",0,0,3.001,0
"769",3237,"< 12 years",0,0,14.163,1
"770",3243,"16+ years",0,0,22.919,0
"771",3245,"12-15 years",0,0,14.749,1
"772",3249,"16+ years",0,0,11.047,0
"773",3254,"12-15 years",0,0,2.634,0
"774",3258,"16+ years",0,0,7.466,0
"775",3261,"< 12 years",0,0,6.6815,1
"776",3266,"12-15 years",0,0,24.723,0
"777",3272,"12-15 years",0,0,12.9915,1
"778",3280,"12-15 years",0,0,9.517,0
"779",3289,"12-15 years",0,0,24.723,0
"780",3291,"16+ years",0,0,22.686,0
"781",3296,"< 12 years",0,0,49.999,0
"782",3298,"< 12 years",0,0,50.864,0
"783",3301,"12-15 years",0,0,37.517,0
"784",3304,"12-15 years",0,0,12.183,0
"785",3305,"12-15 years",0,0,3.984,0
"786",3308,"12-15 years",0,0,43.874,0
"787",3311,"< 12 years",0,0,67.255,0
"788",3316,"12-15 years",0,0,15.718,0
"789",3322,"< 12 years",0,0,20.843,0
"790",3329,"12-15 years",0,0,9.873,0
"791",3335,"12-15 years",0,0,33.415,0
"792",3338,"12-15 years",0,0,19.997,0
"793",3342,"< 12 years",0,0,28.999,0
"794",3345,"< 12 years",0,0,41.251,0
"795",3347,"12-15 years",0,0,38.943,0
"796",3363,"< 12 years",0,0,0.079,0
"797",3370,"< 12 years",1,0,31.179,0
"798",3386,"12-15 years",0,0,45.547,0
"799",3387,"12-15 years",0,0,33.5795,1
"800",3391,"12-15 years",0,0,17.016,0
"801",3397,"12-15 years",0,0,8.227,0
"802",3398,"16+ years",0,0,17.016,0
"803",3400,"16+ years",0,0,11.9505,1
"804",3402,"12-15 years",0,0,55.669,0
"805",3430,"< 12 years",0,0,40.452,0
"806",3435,"12-15 years",0,0,12.668,1
"807",3437,"< 12 years",0,0,2.075,0
"808",3441,"12-15 years",0,0,6.9265,1
"809",3447,"12-15 years",0,0,16.293,1
"810",3450,"< 12 years",0,0,33.665,0
"811",3453,"12-15 years",0,0,37.895,0
"812",3455,"16+ years",0,0,18.943,0
"813",3464,"< 12 years",0,0,30.998,0
"814",3467,"< 12 years",0,0,30.998,0
"815",3470,"16+ years",0,0,6.4835,1
"816",3471,"16+ years",0,0,7.244,0
"817",3473,"< 12 years",0,0,31.061,0
"818",3476,"< 12 years",0,0,32.832,0
"819",3480,"12-15 years",0,0,11.168,1
"820",3482,"< 12 years",0,0,5.665,0
"821",3485,"< 12 years",0,0,59.384,0
"822",3487,"12-15 years",0,0,24.726,0
"823",3490,"12-15 years",0,0,24.726,0
"824",3492,"< 12 years",0,0,15.039,1
"825",3493,"12-15 years",0,0,16.7475,1
"826",3495,"12-15 years",0,0,3.4605,1
"827",3508,"12-15 years",0,0,2.505,0
"828",3509,"16+ years",0,0,24.876,0
"829",3511,"12-15 years",1,0,5.796,0
"830",3517,"12-15 years",0,0,6.672,0
"831",3522,"16+ years",0,0,7.647,0
"832",3525,"16+ years",1,0,28.999,0
"833",3527,"12-15 years",0,0,40.868,0
"834",3530,"12-15 years",0,0,39.918,0
"835",3536,"16+ years",0,0,18.902,0
"836",3540,"12-15 years",0,0,7.915,1
"837",3548,"< 12 years",0,0,7.452,0
"838",3551,"16+ years",0,0,28.78,0
"839",3556,"16+ years",0,0,3.581,1
"840",3558,"16+ years",0,0,9.029,0
"841",3562,"16+ years",0,0,20.022,0
"842",3567,"16+ years",0,0,12.142,0
"843",3570,"16+ years",0,0,29.914,0
"844",3573,"< 12 years",0,0,48.862,0
"845",3577,"12-15 years",0,0,22.376,0
"846",3580,"< 12 years",0,0,44.824,0
"847",3583,"< 12 years",0,0,46.086,0
"848",3586,"< 12 years",0,0,37.752,0
"849",3589,"16+ years",0,0,15.765,0
"850",3592,"< 12 years",0,0,8.835,1
"851",3594,"16+ years",0,0,34.3685,1
"852",3597,"< 12 years",0,0,5.9605,1
"853",3602,"16+ years",0,0,23.496,0
"854",3604,"< 12 years",1,0,48.32,0
"855",3609,"16+ years",0,0,19.833,0
"856",3616,"12-15 years",0,0,3.833,1
"857",3621,"12-15 years",0,0,3.732,0
"858",3623,"< 12 years",0,0,15.012,0
"859",3624,"< 12 years",0,0,13.834,1
"860",3627,"< 12 years",1,0,44.339,0
"861",3638,"12-15 years",0,0,7.3755,1
"862",3646,"< 12 years",0,0,73.068,0
"863",3648,"< 12 years",1,0,28.1245,1
"864",3650,"< 12 years",0,0,28.0875,1
"865",3653,"< 12 years",0,0,41.689,0
"866",3655,"< 12 years",0,0,2.001,0
"867",3658,"< 12 years",0,0,2.001,0
"868",3662,"< 12 years",0,0,6.267,0
"869",3668,"< 12 years",0,0,5.1965,1
"870",3683,"12-15 years",0,0,19.997,0
"871",3685,"16+ years",0,0,42.461,0
"872",3688,"12-15 years",0,0,46.04,0
"873",3694,"< 12 years",0,0,2.04,0
"874",3700,"12-15 years",0,0,14.3735,1
"875",3703,"< 12 years",0,0,51.852,0
"876",3714,"12-15 years",0,0,8.652,1
"877",3716,"< 12 years",0,0,30.7255,1
"878",3719,"12-15 years",0,0,35.619,0
"879",3725,"12-15 years",0,0,23.754,0
"880",3728,"16+ years",0,0,28,0
"881",3730,"12-15 years",0,0,1.9135,1
"882",3734,"< 12 years",0,0,1.4345,1
"883",3736,"< 12 years",0,0,46.004,0
"884",3741,"12-15 years",0,0,10.579,1
"885",3744,"< 12 years",0,0,9.1635,1
"886",3747,"< 12 years",0,0,47.833,0
"887",3751,"< 12 years",0,0,12,0
"888",3754,"12-15 years",0,0,9.665,1
"889",3757,"< 12 years",0,0,38.103,0
"890",3760,"< 12 years",0,0,12,0
"891",3763,"12-15 years",0,0,37.418,0
"892",3767,"16+ years",0,0,23.951,0
"893",3768,"16+ years",0,0,23.951,0
"894",3771,"< 12 years",0,0,36,0
"895",3774,"12-15 years",0,0,44.999,0
"896",3776,"12-15 years",0,0,33.793,0
"897",3778,"12-15 years",0,0,1.722,1
"898",3784,"< 12 years",0,0,2.9075,1
"899",3790,"< 12 years",0,0,15.001,0
"900",3792,"12-15 years",0,0,4.082,1
"901",3794,"12-15 years",0,0,50.379,1
"902",3796,"< 12 years",0,0,20.7475,1
"903",3798,"12-15 years",0,0,25.405,0
"904",3802,"< 12 years",0,0,1.7465,1
"905",3803,"12-15 years",0,0,25.405,0
"906",3805,"12-15 years",0,0,47.08,0
"907",3808,"12-15 years",0,0,45.626,0
"908",3816,"< 12 years",0,0,8.14,0
"909",3827,"12-15 years",0,0,9.818,0
"910",3831,"16+ years",0,0,23.655,1
"911",3834,"12-15 years",0,0,4.208,1
"912",3836,"< 12 years",0,0,13.8345,1
"913",3844,"12-15 years",0,0,4.586,1
"914",3850,"< 12 years",0,0,6.675,1
"915",3853,"12-15 years",1,0,40.95,0
"916",3857,"12-15 years",1,0,1.492,0
"917",3870,"< 12 years",1,0,17.999,0
"918",3872,"< 12 years",1,0,14.998,0
"919",3877,"12-15 years",1,0,5.799,0
"920",3893,"< 12 years",0,0,11.5425,1
"921",3895,"< 12 years",0,0,32.747,0
"922",3898,"< 12 years",0,0,51.291,0
"923",3905,"< 12 years",0,0,10.305,1
"924",3910,"< 12 years",1,0,6.136,0
"925",3913,"12-15 years",1,0,5.577,0
"926",3915,"12-15 years",0,0,19.9125,1
"927",3918,"16+ years",0,0,41.503,0
"928",3923,"16+ years",0,0,7.069,0
"929",3924,"16+ years",0,0,7.069,0
"930",3926,"< 12 years",0,0,31.666,1
"931",3927,"12-15 years",0,0,7.767,0
"932",3930,"< 12 years",0,0,44.873,0
"933",3932,"16+ years",0,0,1.498,1
"934",3941,"12-15 years",0,0,26.527,0
"935",3948,"16+ years",0,0,21.919,1
"936",3965,"12-15 years",0,0,1.843,0
"937",3979,"12-15 years",0,1,0.75,1
"938",3981,"16+ years",0,0,47.543,0
"939",3986,"< 12 years",0,0,16.999,0
"940",3988,"12-15 years",0,0,47.943,0
"941",3990,"12-15 years",0,0,14.998,0
"942",3994,"12-15 years",0,0,4.145,1
"943",3995,"12-15 years",0,0,10.793,0
"944",3998,"12-15 years",0,0,26.497,0
"945",3999,"12-15 years",0,0,13.744,0
"946",4001,"< 12 years",0,0,43.001,0
"947",4004,"< 12 years",0,0,43.001,0
"948",4006,"12-15 years",0,0,49.248,0
"949",4012,"12-15 years",0,0,3.255,0
"950",4015,"12-15 years",0,0,24.999,0
"951",4017,"< 12 years",0,0,43.997,0
"952",4021,"12-15 years",0,0,8.041,1
"953",4028,"12-15 years",0,0,11.926,0
"954",4030,"16+ years",0,0,17.591,0
"955",4037,"12-15 years",0,0,18.42,1
"956",4042,"12-15 years",0,0,12.085,1
"957",4045,"12-15 years",0,0,9.7745,1
"958",4053,"< 12 years",0,0,16.252,0
"959",4055,"12-15 years",0,0,31.34,0
"960",4058,"12-15 years",0,0,31.34,0
"961",4060,"< 12 years",0,0,44.027,0
"962",4063,"12-15 years",0,0,43.581,0
"963",4064,"12-15 years",0,0,7.83,0
"964",4072,"12-15 years",0,0,10.872,1
"965",4074,"12-15 years",0,0,10.0725,1
"966",4076,"12-15 years",0,0,26.42,0
"967",4086,"16+ years",0,0,44.435,0
"968",4097,"12-15 years",1,0,21.038,0
"969",4102,"16+ years",0,0,14.935,0
"970",4107,"12-15 years",0,0,6.001,0
"971",4109,"12-15 years",0,0,29.982,0
"972",4111,"16+ years",0,0,34.79,0
"973",4114,"16+ years",0,0,34.79,0
"974",4119,"< 12 years",0,0,5.032,0
"975",4122,"< 12 years",0,0,46.762,0
"976",4124,"12-15 years",0,0,1.624,0
"977",4126,"16+ years",0,0,26.42,0
"978",4129,"16+ years",0,0,32.545,0
"979",4130,"16+ years",0,0,19.926,0
"980",4132,"16+ years",0,0,53.749,0
"981",4136,"12-15 years",0,0,2.998,1
"982",4138,"16+ years",0,0,18.157,0
"983",4141,"< 12 years",0,0,53.391,0
"984",4143,"12-15 years",0,0,26.667,0
"985",4145,"12-15 years",0,0,20,1
"986",4147,"< 12 years",0,0,54.226,0
"987",4149,"< 12 years",0,0,19.94,0
"988",4152,"16+ years",0,0,4.58,1
"989",4156,"12-15 years",0,0,15.162,0
"990",4162,"12-15 years",0,0,27.997,0
"991",4165,"< 12 years",0,0,18.338,1
"992",4171,"12-15 years",0,0,20.611,0
"993",4175,"16+ years",0,0,10.752,0
"994",4187,"16+ years",0,0,39.422,0
"995",4191,"16+ years",0,0,12.649,0
"996",4199,"12-15 years",0,0,5.569,0
"997",4207,"12-15 years",0,0,5.498,1
"998",4209,"16+ years",0,0,46.653,0
"999",4211,"< 12 years",0,0,48.895,0
"1000",4216,"12-15 years",0,0,6.278,0
"1001",4219,"12-15 years",0,0,6.278,0
"1002",4222,"< 12 years",0,0,6.114,0
"1003",4225,"12-15 years",0,0,62.752,0
"1004",4227,"12-15 years",0,0,32.422,0
"1005",4229,"12-15 years",0,0,48.463,0
"1006",4232,"< 12 years",0,0,32.167,0
"1007",4235,"< 12 years",1,1,22.497,1
"1008",4265,"12-15 years",0,0,13.996,0
"1009",4268,"12-15 years",1,0,7.001,0
"1010",4270,"12-15 years",0,0,35.253,0
"1011",4274,"< 12 years",1,0,6.653,0
"1012",4276,"< 12 years",1,0,6.653,0
"1013",4278,"< 12 years",0,0,12,0
"1014",4280,"< 12 years",0,1,16.7285,1
"1015",4293,"12-15 years",0,0,9.829,0
"1016",4295,"< 12 years",0,0,43.001,0
"1017",4298,"< 12 years",0,0,43.001,0
"1018",4302,"< 12 years",0,0,54.067,0
"1019",4305,"< 12 years",0,0,54.831,0
"1020",4307,"< 12 years",0,0,42.004,0
"1021",4316,"16+ years",0,0,9.372,0
"1022",4318,"< 12 years",0,0,32.003,0
"1023",4320,"< 12 years",0,0,38.001,0
"1024",4321,"12-15 years",0,0,5.038,0
"1025",4323,"16+ years",0,0,3.525,1
"1026",4325,"12-15 years",0,0,20.463,1
"1027",4328,"12-15 years",0,0,25.892,0
"1028",4335,"12-15 years",0,0,49.629,0
"1029",4338,"< 12 years",0,0,42.604,0
"1030",4340,"12-15 years",0,0,33.309,0
"1031",4341,"12-15 years",0,0,9.796,0
"1032",4342,"12-15 years",0,0,21.131,0
"1033",4348,"< 12 years",0,0,19.499,1
"1034",4350,"16+ years",0,0,22.001,0
"1035",4353,"< 12 years",0,0,4.003,0
"1036",4355,"< 12 years",0,0,1.166,1
"1037",4356,"12-15 years",0,0,36.082,0
"1038",4358,"16+ years",0,0,8.753,0
"1039",4360,"12-15 years",0,0,6.634,1
"1040",4365,"12-15 years",0,0,13.2485,1
"1041",4367,"16+ years",0,0,31.748,0
"1042",4368,"12-15 years",0,0,3.551,0
"1043",4371,"12-15 years",0,0,34.352,0
"1044",4373,"12-15 years",0,0,52.498,0
"1045",4377,"12-15 years",0,0,7.518,0
"1046",4380,"12-15 years",0,0,36,0
"1047",4387,"16+ years",0,0,7.001,0
"1048",4390,"16+ years",0,0,7.001,0
"1049",4392,"12-15 years",0,0,39.329,0
"1050",4394,"16+ years",0,0,1.823,0
"1051",4397,"12-15 years",0,0,30.415,0
"1052",4401,"< 12 years",0,0,4.594,0
"1053",4404,"12-15 years",0,0,4.594,0
"1054",4410,"12-15 years",0,0,22.305,0
"1055",4415,"16+ years",0,0,20.334,1
"1056",4419,"12-15 years",0,0,20.334,1
"1057",4422,"12-15 years",0,0,37.793,0
"1058",4429,"< 12 years",0,0,25.8315,1
"1059",4432,"12-15 years",0,0,22.5,1
"1060",4435,"16+ years",0,0,42.623,0
"1061",4439,"16+ years",0,0,32.813,0
"1062",4442,"16+ years",0,0,8.819,0
"1063",4444,"16+ years",0,0,46.456,0
"1064",4451,"16+ years",0,0,2.267,0
"1065",4461,"16+ years",0,0,1.336,1
"1066",4463,"12-15 years",1,0,62.338,0
"1067",4469,"< 12 years",1,0,36.75,0
"1068",4472,"< 12 years",1,0,36.75,0
"1069",4474,"< 12 years",0,0,19.9535,1
"1070",4476,"12-15 years",0,0,24.431,1
"1071",4479,"< 12 years",0,0,51.874,0
"1072",4481,"12-15 years",0,0,10.919,0
"1073",4483,"16+ years",0,0,34.338,0
"1074",4484,"12-15 years",0,0,20.999,1
"1075",4492,"12-15 years",0,0,9.914,1
"1076",4493,"< 12 years",0,0,15.302,0
"1077",4502,"12-15 years",0,0,62.084,0
"1078",4504,"12-15 years",0,0,9.084,1
"1079",4507,"12-15 years",0,0,24.58,0
"1080",4511,"< 12 years",0,0,11.324,0
"1081",4516,"12-15 years",0,0,6.497,1
"1082",4518,"12-15 years",0,0,6.497,1
"1083",4520,"< 12 years",0,0,32.337,0
"1084",4524,"12-15 years",0,0,25.47,0
"1085",4526,"12-15 years",0,0,29.771,0
"1086",4531,"12-15 years",0,0,17.292,0
"1087",4538,"12-15 years",0,0,20.03,1
"1088",4541,"12-15 years",0,0,2.861,0
"1089",4545,"< 12 years",0,0,5.5165,1
"1090",4553,"< 12 years",0,0,4.6135,1
"1091",4554,"12-15 years",0,0,10.166,1
"1092",4582,"12-15 years",0,0,12.753,0
"1093",4584,"< 12 years",0,0,47.009,0
"1094",4595,"< 12 years",0,0,18.864,0
"1095",4598,"< 12 years",0,0,38.732,0
"1096",4604,"12-15 years",0,0,56.041,0
"1097",4606,"< 12 years",0,0,41.388,0
"1098",4608,"12-15 years",0,0,23.732,1
"1099",4611,"12-15 years",0,0,8.9145,1
"1100",4618,"16+ years",0,0,21.339,0
"1101",4621,"< 12 years",0,0,27.817,0
"1102",4622,"12-15 years",0,0,7.0825,1
"1103",4624,"< 12 years",0,0,24.016,0
"1104",4626,"12-15 years",0,0,41.128,0
"1105",4629,"12-15 years",0,0,24.999,0
"1106",4631,"12-15 years",0,0,17.6005,1
"1107",4653,"12-15 years",0,1,6.3325,1
"1108",4655,"< 12 years",0,0,35.803,0
"1109",4661,"< 12 years",0,0,1.9165,1
"1110",4662,"12-15 years",0,0,9.374,0
"1111",4670,"12-15 years",0,0,53.155,0
"1112",4676,"12-15 years",0,0,15.058,0
"1113",4678,"12-15 years",0,0,15.058,0
"1114",4691,"12-15 years",0,0,6.987,0
"1115",4699,"12-15 years",0,0,4.016,0
"1116",4701,"16+ years",0,0,41.12,0
"1117",4704,"< 12 years",0,0,49.999,0
"1118",4706,"< 12 years",0,0,38.571,0
"1119",4707,"16+ years",0,0,22.401,0
"1120",4709,"< 12 years",1,1,15.0005,1
"1121",4711,"16+ years",0,0,2.505,1
"1122",4719,"16+ years",0,0,28.074,0
"1123",4735,"12-15 years",0,0,3.017,0
"1124",4738,"12-15 years",0,0,45.733,0
"1125",4740,"< 12 years",0,0,33.013,0
"1126",4742,"12-15 years",0,0,23.578,0
"1127",4743,"12-15 years",0,0,23.578,0
"1128",4745,"< 12 years",0,0,21.6785,1
"1129",4749,"12-15 years",0,0,13.969,0
"1130",4753,"< 12 years",0,0,10.486,1
"1131",4759,"< 12 years",0,0,5.667,1
"1132",4762,"< 12 years",0,0,9.9135,1
"1133",4766,"16+ years",0,0,5.2485,1
"1134",4779,"12-15 years",0,0,4.835,0
"1135",4783,"< 12 years",0,0,5.684,0
"1136",4785,"< 12 years",0,0,62.33,0
"1137",4788,"12-15 years",0,0,43.882,0
"1138",4792,"16+ years",0,0,4.082,1
"1139",4795,"< 12 years",0,0,50.502,0
"1140",4797,"< 12 years",1,0,50.163,0
"1141",4807,"16+ years",0,0,16.082,1
"1142",4812,"16+ years",0,0,9.555,0
"1143",4818,"16+ years",0,0,9.555,0
"1144",4819,"12-15 years",0,0,4.704,1
"1145",4822,"12-15 years",0,0,43.313,0
"1146",4826,"12-15 years",0,0,25.722,0
"1147",4830,"< 12 years",0,0,53.985,0
"1148",4837,"12-15 years",0,0,4.668,1
"1149",4838,"12-15 years",0,0,1.777,0
"1150",4839,"12-15 years",0,0,1.511,1
"1151",4847,"12-15 years",0,0,9.0105,1
"1152",4851,"12-15 years",0,0,14.097,0
"1153",4858,"< 12 years",0,0,19.8575,1
"1154",4863,"12-15 years",0,0,7.997,0
"1155",4865,"12-15 years",0,0,27.409,0
"1156",4869,"12-15 years",0,0,39.362,0
"1157",4873,"16+ years",0,0,16.78,0
"1158",4879,"12-15 years",0,0,12.597,0
"1159",4880,"12-15 years",1,0,9.591,0
"1160",4883,"12-15 years",0,0,25.013,0
"1161",4888,"< 12 years",1,0,34.1,0
"1162",4897,"< 12 years",1,0,3.2085,1
"1163",4905,"12-15 years",1,0,4.022,1
"1164",4907,"12-15 years",0,0,10.001,0
"1165",4910,"< 12 years",0,0,64.255,0
"1166",4911,"12-15 years",0,0,23.619,0
"1167",4915,"< 12 years",0,0,14.746,0
"1168",4916,"12-15 years",0,0,14.746,0
"1169",4918,"12-15 years",1,0,20.5205,1
"1170",4922,"12-15 years",1,0,0.734,0
"1171",4927,"12-15 years",1,0,1.169,0
"1172",4934,"12-15 years",1,0,3.173,0
"1173",4937,"12-15 years",0,0,42.251,0
"1174",4944,"12-15 years",0,0,19.576,0
"1175",4946,"< 12 years",0,0,28.999,0
"1176",4948,"< 12 years",0,0,27.477,0
"1177",4952,"12-15 years",0,0,18.163,0
"1178",4956,"12-15 years",0,0,11.455,0
"1179",4959,"12-15 years",0,0,15.2885,1
"1180",4962,"12-15 years",0,0,31.91,0
"1181",4967,"12-15 years",0,0,1.4155,1
"1182",4969,"< 12 years",1,0,61.498,0
"1183",4972,"< 12 years",1,0,61.498,0
"1184",4973,"12-15 years",1,0,7.6575,1
"1185",4974,"< 12 years",1,0,25.309,0
"1186",4995,"12-15 years",0,0,31.775,0
"1187",5001,"12-15 years",0,0,7.4115,1
"1188",5004,"12-15 years",0,0,19.173,0
"1189",5008,"< 12 years",0,0,4.134,1
"1190",5015,"12-15 years",0,0,3.253,0
"1191",5018,"12-15 years",1,0,24.917,0
"1192",5020,"12-15 years",0,0,0.641,0
"1193",5024,"12-15 years",0,0,8.0435,1
"1194",5028,"16+ years",0,0,13.437,0
"1195",5030,"16+ years",0,0,13.437,0
"1196",5032,"12-15 years",0,0,13.699,1
"1197",5038,"16+ years",0,0,20.654,0
"1198",5043,"12-15 years",0,0,19.441,0
"1199",5046,"< 12 years",0,0,25.999,0
"1200",5050,"< 12 years",0,0,9.465,1
"1201",5051,"12-15 years",0,0,8.468,0
"1202",5053,"12-15 years",0,0,27.335,0
"1203",5056,"12-15 years",0,0,40.805,0
"1204",5062,"12-15 years",0,0,4.337,1
"1205",5064,"12-15 years",0,0,21.665,1
"1206",5066,"< 12 years",0,0,36.945,0
"1207",5069,"12-15 years",0,0,36.945,0
"1208",5071,"< 12 years",0,0,2.075,0
"1209",5072,"12-15 years",0,0,18.795,0
"1210",5081,"12-15 years",0,0,7.2495,1
"1211",5087,"12-15 years",0,0,32.172,0
"1212",5090,"12-15 years",0,0,24.726,0
"1213",5095,"16+ years",0,0,13.974,1
"1214",5098,"12-15 years",0,0,38.916,0
"1215",5104,"16+ years",0,0,15.934,0
"1216",5107,"16+ years",0,0,15.934,0
"1217",5109,"< 12 years",0,0,11.165,0
"1218",5112,"12-15 years",0,0,52,0
"1219",5114,"12-15 years",0,0,54.595,0
"1220",5123,"12-15 years",0,0,2.166,1
"1221",5127,"12-15 years",0,0,5.084,1
"1222",5134,"12-15 years",0,0,49.999,0
"1223",5137,"< 12 years",0,0,38.494,0
"1224",5143,"12-15 years",0,0,17.67,0
"1225",5154,"12-15 years",0,0,21.066,0
"1226",5157,"< 12 years",1,0,59.206,0
"1227",5159,"< 12 years",0,0,34.609,0
"1228",5161,"< 12 years",0,0,47.759,0
"1229",5166,"< 12 years",0,0,6.248,1
"1230",5168,"12-15 years",0,0,6.289,0
"1231",5178,"12-15 years",0,0,40.695,0
"1232",5182,"< 12 years",0,0,10.9155,1
"1233",5185,"12-15 years",0,0,16.227,0
"1234",5189,"16+ years",0,0,4.003,0
"1235",5191,"< 12 years",0,0,54.845,0
"1236",5195,"16+ years",0,0,1.665,1
"1237",5197,"12-15 years",0,0,43.11,0
"1238",5200,"12-15 years",0,0,38.212,0
"1239",5206,"< 12 years",0,0,43.964,0
"1240",5208,"16+ years",0,0,13.2485,1
"1241",5210,"16+ years",0,0,9.128,1
"1242",5212,"12-15 years",0,0,42.823,0
"1243",5218,"12-15 years",0,0,20.843,0
"1244",5221,"12-15 years",0,0,3.417,1
"1245",5226,"12-15 years",0,0,29.0815,1
"1246",5233,"16+ years",0,0,5.12,0
"1247",5237,"12-15 years",0,0,14.795,0
"1248",5238,"12-15 years",0,0,14.795,0
"1249",5242,"12-15 years",1,1,3.1295,1
"1250",5245,"16+ years",0,0,5.2215,1
"1251",5251,"12-15 years",0,0,1.1635,1
"1252",5255,"12-15 years",0,0,17.848,0
"1253",5260,"12-15 years",0,0,16.096,0
"1254",5262,"12-15 years",0,0,3.0005,1
"1255",5266,"12-15 years",0,0,16.096,0
"1256",5268,"12-15 years",0,0,30.335,0
"1257",5276,"< 12 years",0,0,5.15,0
"1258",5285,"12-15 years",0,0,15.751,0
"1259",5286,"16+ years",0,0,17.511,0
"1260",5288,"12-15 years",0,0,16,0
"1261",5291,"12-15 years",0,0,56.903,0
"1262",5293,"12-15 years",0,0,30.275,0
"1263",5300,"12-15 years",0,0,37.317,0
"1264",5305,"12-15 years",0,0,4,1
"1265",5310,"12-15 years",0,0,14.771,0
"1266",5312,"12-15 years",0,0,52.151,0
"1267",5317,"16+ years",0,0,7.811,0
"1268",5319,"< 12 years",0,0,5.4975,1
"1269",5322,"12-15 years",0,0,18.001,0
"1270",5325,"12-15 years",0,0,31.083,0
"1271",5329,"< 12 years",0,0,47.233,0
"1272",5336,"< 12 years",0,0,58.001,0
"1273",5337,"16+ years",0,0,8.509,0
"1274",5340,"12-15 years",0,0,44.244,0
"1275",5343,"< 12 years",0,0,54.68,0
"1276",5346,"16+ years",0,0,19.915,1
"1277",5349,"< 12 years",0,0,6.0015,1
"1278",5359,"16+ years",0,0,33.662,0
"1279",5380,"16+ years",0,0,34.16,0
"1280",5387,"12-15 years",0,0,6.297,0
"1281",5389,"16+ years",0,0,15.165,1
"1282",5390,"16+ years",0,0,25.916,0
"1283",5409,"12-15 years",0,0,1.656,0
"1284",5411,"12-15 years",0,0,12.879,0
"1285",5415,"12-15 years",0,0,10.546,0
"1286",5417,"16+ years",0,0,10.913,0
"1287",5420,"16+ years",0,0,12.501,1
"1288",5424,"16+ years",0,0,8.9995,1
"1289",5429,"12-15 years",0,0,1.8645,1
"1290",5430,"16+ years",0,0,13.73,0
"1291",5432,"16+ years",0,1,8.643,0
"1292",5435,"12-15 years",0,0,23.0855,1
"1293",5438,"12-15 years",0,0,51.863,0
"1294",5441,"12-15 years",0,0,51.863,0
"1295",5448,"< 12 years",1,0,24.999,0
"1296",5450,"< 12 years",0,0,42.998,0
"1297",5454,"16+ years",0,0,3.072,0
"1298",5455,"12-15 years",0,0,22.119,0
"1299",5458,"12-15 years",1,0,43.625,0
"1300",5470,"< 12 years",1,0,1.733,0
"1301",5472,"< 12 years",0,1,15.354,1
"1302",5474,"< 12 years",1,0,24.0465,1
"1303",5476,"< 12 years",1,0,15.083,1
"1304",5478,"12-15 years",0,0,18.064,0
"1305",5480,"12-15 years",0,0,5.2125,1
"1306",5497,"12-15 years",0,0,3.483,0
"1307",5505,"12-15 years",0,0,52.164,0
"1308",5517,"< 12 years",0,0,2.001,1
"1309",5519,"12-15 years",0,0,2.637,0
"1310",5523,"< 12 years",0,0,10.809,0
"1311",5531,"< 12 years",0,0,40.416,0
"1312",5536,"12-15 years",0,0,20.602,0
"1313",5546,"< 12 years",0,0,32.695,0
"1314",5551,"12-15 years",0,0,4.775,0
"1315",5554,"< 12 years",0,0,46.538,0
"1316",5556,"12-15 years",0,0,21.5825,1
"1317",5558,"12-15 years",0,0,14.4145,1
"1318",5567,"12-15 years",0,0,6.735,0
"1319",5569,"16+ years",0,0,1.6645,1
"1320",5571,"12-15 years",0,0,4.334,1
"1321",5574,"< 12 years",0,0,3.003,0
"1322",5577,"< 12 years",0,0,14.973,0
"1323",5580,"12-15 years",0,0,26.623,0
"1324",5585,"16+ years",0,0,50.568,0
"1325",5590,"16+ years",0,0,15.406,1
"1326",5594,"12-15 years",0,0,17.969,0
"1327",5596,"12-15 years",0,0,6.7485,1
"1328",5600,"< 12 years",0,0,2.976,0
"1329",5605,"12-15 years",0,0,8.26,1
"1330",5607,"12-15 years",0,0,21.999,0
"1331",5609,"< 12 years",0,0,33.109,0
"1332",5611,"12-15 years",0,0,24.413,0
"1333",5625,"16+ years",0,0,40.071,0
"1334",5634,"12-15 years",0,0,11.061,0
"1335",5636,"12-15 years",0,0,1.955,0
"1336",5643,"16+ years",0,0,12.099,0
"1337",5648,"16+ years",0,0,8.92,0
"1338",5651,"12-15 years",0,0,17.999,0
"1339",5653,"12-15 years",0,0,41.588,0
"1340",5656,"12-15 years",0,0,42.42,0
"1341",5666,"16+ years",0,0,33.914,0
"1342",5679,"12-15 years",0,1,6.653,0
"1343",5684,"12-15 years",0,0,17.643,0
"1344",5687,"12-15 years",0,0,17.643,0
"1345",5691,"12-15 years",0,0,22.617,0
"1346",5693,"< 12 years",0,0,7.1895,1
"1347",5702,"< 12 years",0,0,19.2525,1
"1348",5704,"< 12 years",0,0,3.0005,1
"1349",5707,"< 12 years",0,1,36,1
"1350",5711,"12-15 years",1,0,17.93,0
"1351",5718,"12-15 years",1,0,0.679,0
"1352",5723,"12-15 years",0,0,2.776,1
"1353",5725,"< 12 years",0,0,45.081,0
"1354",5728,"< 12 years",0,0,45.081,0
"1355",5732,"< 12 years",0,0,6.664,1
"1356",5735,"< 12 years",0,0,6.385,1
"1357",5737,"< 12 years",1,0,24.038,0
"1358",5741,"12-15 years",0,0,6.59,1
"1359",5743,"16+ years",0,0,3.014,0
"1360",5745,"16+ years",0,0,63.376,0
"1361",5748,"16+ years",0,0,63.335,0
"1362",5750,"12-15 years",0,0,38.141,0
"1363",5752,"12-15 years",0,0,10.486,0
"1364",5756,"< 12 years",0,0,15.915,1
"1365",5758,"16+ years",0,0,62.084,0
"1366",5762,"16+ years",0,0,6.7845,1
"1367",5764,"12-15 years",0,0,24.887,1
"1368",5766,"< 12 years",0,0,22.523,1
"1369",5768,"< 12 years",0,0,51.362,0
"1370",5771,"12-15 years",0,0,61.678,0
"1371",5773,"< 12 years",0,0,10.6285,1
"1372",5780,"< 12 years",0,0,2.7485,1
"1373",5782,"< 12 years",0,0,25.955,1
"1374",5784,"< 12 years",0,0,4.0245,1
"1375",5787,"< 12 years",0,0,22.418,0
"1376",5791,"12-15 years",0,0,0.846,0
"1377",5794,"12-15 years",0,0,8.63,0
"1378",5797,"12-15 years",0,0,8.843,0
"1379",5799,"< 12 years",0,0,38.897,0
"1380",5802,"16+ years",0,0,47.734,0
"1381",5805,"12-15 years",0,0,34.987,0
"1382",5808,"< 12 years",0,0,36.249,0
"1383",5812,"12-15 years",0,0,15.132,0
"1384",5817,"< 12 years",0,0,7.956,0
"1385",5820,"12-15 years",0,0,29.971,0
"1386",5827,"12-15 years",0,0,13.602,0
"1387",5828,"12-15 years",0,0,13.684,0
"1388",5830,"12-15 years",0,0,10.968,0
"1389",5832,"16+ years",0,0,45.399,0
"1390",5834,"12-15 years",0,0,15.877,0
"1391",5838,"12-15 years",0,0,0.646,0
"1392",5842,"12-15 years",0,0,4.162,0
"1393",5847,"12-15 years",0,0,7.45,0
"1394",5853,"< 12 years",0,0,13.927,0
"1395",5856,"12-15 years",0,0,1.309,0
"1396",5858,"12-15 years",0,0,22.998,0
"1397",5862,"12-15 years",0,0,14.601,1
"1398",5864,"< 12 years",0,0,24.999,0
"1399",5865,"12-15 years",0,0,25.279,0
"1400",5867,"< 12 years",0,0,48.485,0
"1401",5869,"< 12 years",0,0,49.248,0
"1402",5873,"12-15 years",0,0,21.914,0
"1403",5884,"12-15 years",0,0,0.583,1
"1404",5889,"12-15 years",0,0,9.5635,1
"1405",5890,"12-15 years",0,0,2.423,0
"1406",5893,"12-15 years",0,0,4,0
"1407",5894,"12-15 years",0,0,14.773,0
"1408",5896,"12-15 years",0,0,3.8985,1
"1409",5903,"< 12 years",0,0,9.862,0
"1410",5906,"12-15 years",0,0,9.862,0
"1411",5908,"< 12 years",0,0,20.835,0
"1412",5914,"12-15 years",0,0,16.901,0
"1413",5922,"12-15 years",0,0,9.142,0
"1414",5931,"< 12 years",0,0,6.795,0
"1415",5933,"< 12 years",0,0,22.256,0
"1416",5936,"< 12 years",0,0,9.936,0
"1417",5938,"12-15 years",0,0,40.914,0
"1418",5940,"12-15 years",1,0,2.185,0
"1419",5943,"< 12 years",1,0,2.5545,1
"1420",5951,"12-15 years",0,0,28.112,0
"1421",5953,"< 12 years",0,0,8.049,1
"1422",5956,"12-15 years",0,0,47.42,0
"1423",5957,"16+ years",0,0,0.761,0
"1424",5966,"16+ years",0,0,46.642,0
"1425",5967,"12-15 years",0,0,19.061,0
"1426",5969,"12-15 years",0,0,3.7755,1
"1427",5971,"12-15 years",0,0,17.689,0
"1428",5975,"16+ years",0,0,10.7,0
"1429",5978,"12-15 years",0,0,4,0
"1430",5997,"16+ years",0,0,24.846,1
"1431",6008,"< 12 years",0,1,19.789,1
"1432",6014,"12-15 years",1,0,2.716,0
"1433",6027,"12-15 years",0,0,20.504,0
"1434",6030,"16+ years",0,0,19.94,0
"1435",6034,"12-15 years",0,0,20.923,0
"1436",6036,"12-15 years",0,0,31.811,0
"1437",6042,"12-15 years",0,0,6.2725,1
"1438",6045,"< 12 years",0,1,42.502,0
"1439",6054,"< 12 years",0,1,20.6245,1
"1440",6056,"16+ years",0,0,8,0
"1441",6060,"12-15 years",0,0,26.998,0
"1442",6063,"< 12 years",0,0,26.998,0
"1443",6065,"12-15 years",0,0,8.4955,1
"1444",6071,"16+ years",0,0,1.591,1
"1445",6084,"< 12 years",0,0,3.083,1
"1446",6086,"12-15 years",0,0,3.083,1
"1447",6089,"12-15 years",0,0,5.254,0
"1448",6092,"< 12 years",0,0,10.311,0
"1449",6115,"< 12 years",0,0,47.907,0
"1450",6122,"< 12 years",0,0,47.028,0
"1451",6124,"16+ years",0,0,52.917,0
"1452",6127,"12-15 years",0,0,52.917,0
"1453",6137,"12-15 years",0,0,49.944,0
"1454",6140,"12-15 years",0,0,29.982,0
"1455",6143,"12-15 years",0,0,57.166,0
"1456",6148,"< 12 years",0,1,24.999,1
"1457",6155,"12-15 years",0,0,22.453,1
"1458",6158,"12-15 years",0,1,45.169,0
"1459",6164,"12-15 years",0,1,0.4985,1
"1460",6166,"12-15 years",0,0,16.252,1
"1461",6168,"12-15 years",0,0,21.949,0
"1462",6185,"12-15 years",0,0,11.053,0
"1463",6186,"12-15 years",0,0,3.168,0
"1464",6191,"12-15 years",0,0,1.0595,1
"1465",6197,"16+ years",0,0,6.188,0
"1466",6199,"12-15 years",0,0,9.656,0
"1467",6202,"16+ years",0,0,6.188,0
"1468",6205,"12-15 years",0,0,49.687,0
"1469",6207,"12-15 years",0,0,20.285,0
"1470",6209,"12-15 years",0,0,46.905,0
"1471",6212,"12-15 years",0,0,46.905,0
"1472",6218,"12-15 years",0,0,38.998,0
"1473",6220,"16+ years",0,0,21.651,0
"1474",6225,"12-15 years",0,0,34.598,0
"1475",6229,"12-15 years",0,0,14.052,0
"1476",6230,"12-15 years",0,0,15.218,0
"1477",6233,"< 12 years",0,0,27.42,1
"1478",6238,"< 12 years",0,0,4.758,0
"1479",6240,"16+ years",0,0,4.758,0
"1480",6245,"12-15 years",0,0,1.038,0
"1481",6247,"16+ years",0,0,25.169,1
"1482",6256,"12-15 years",0,0,0.81,0
"1483",6264,"12-15 years",0,0,18.179,0
"1484",6266,"16+ years",0,0,42.103,0
"1485",6279,"16+ years",0,0,9.81,0
"1486",6280,"12-15 years",0,0,5.667,1
"1487",6283,"12-15 years",0,0,49.539,0
"1488",6295,"12-15 years",0,0,2.001,0
"1489",6297,"< 12 years",0,0,9.3345,1
"1490",6303,"< 12 years",0,0,20.789,0
"1491",6312,"12-15 years",0,0,9.213,0
"1492",6316,"12-15 years",0,0,8.794,0
"1493",6318,"< 12 years",0,0,36.586,0
"1494",6323,"12-15 years",0,0,5.747,1
"1495",6329,"< 12 years",0,0,51.458,0
"1496",6333,"12-15 years",0,0,35.17,0
"1497",6336,"< 12 years",1,0,25.999,0
"1498",6339,"< 12 years",0,0,0.101,1
"1499",6341,"12-15 years",0,0,3.751,1
"1500",6345,"12-15 years",1,0,2.6585,1
"1501",6348,"12-15 years",0,0,27.4275,1
"1502",6350,"12-15 years",0,0,11.992,0
"1503",6353,"12-15 years",0,0,7.003,0
"1504",6357,"12-15 years",0,0,15.25,1
"1505",6360,"12-15 years",0,0,19.066,0
"1506",6367,"< 12 years",0,0,8.616,0
"1507",6371,"16+ years",0,0,13.733,0
"1508",6378,"12-15 years",0,0,26.8335,1
"1509",6390,"12-15 years",0,0,64.394,0
"1510",6393,"< 12 years",0,0,64.394,0
"1511",6394,"< 12 years",0,0,20.846,0
"1512",6400,"12-15 years",0,0,6.768,0
"1513",6407,"16+ years",0,0,6.8805,1
"1514",6410,"12-15 years",0,0,31.647,0
"1515",6417,"12-15 years",0,1,3.748,1
"1516",6426,"16+ years",0,0,5.421,0
"1517",6429,"< 12 years",0,0,45.418,0
"1518",6434,"12-15 years",0,0,3.4555,1
"1519",6440,"12-15 years",0,0,17.947,0
"1520",6443,"< 12 years",0,0,46.984,0
"1521",6460,"12-15 years",0,0,4.575,1
"1522",6467,"16+ years",0,0,16.17,1
"1523",6468,"< 12 years",0,0,16.17,1
"1524",6470,"16+ years",0,0,4.679,0
"1525",6471,"16+ years",0,0,19.165,1
"1526",6473,"16+ years",0,0,25.435,0
"1527",6474,"16+ years",0,0,25.435,0
"1528",6479,"< 12 years",0,0,12.999,0
"1529",6493,"16+ years",0,0,23.376,0
"1530",6495,"< 12 years",0,0,26.001,0
"1531",6496,"12-15 years",0,0,24.027,1
"1532",6498,"< 12 years",0,0,14.059,1
"1533",6500,"12-15 years",0,0,0.252,0
"1534",6503,"12-15 years",0,0,0.252,0
"1535",6507,"12-15 years",0,0,3.6715,1
"1536",6509,"12-15 years",0,0,5.0405,1
"1537",6512,"16+ years",0,0,23.414,0
"1538",6516,"12-15 years",0,0,15.3375,1
"1539",6518,"12-15 years",1,0,23.499,1
"1540",6522,"< 12 years",1,0,13.002,1
"1541",6524,"< 12 years",0,0,45.383,0
"1542",6527,"12-15 years",0,0,12,0
"1543",6529,"12-15 years",0,0,11.001,0
"1544",6533,"12-15 years",0,0,53.821,0
"1545",6536,"12-15 years",0,0,25.999,0
"1546",6539,"12-15 years",0,0,34.5,0
"1547",6544,"12-15 years",0,0,13.993,0
"1548",6545,"< 12 years",0,0,6.031,0
"1549",6550,"12-15 years",0,0,1.818,1
"1550",6553,"< 12 years",0,0,38.155,0
"1551",6557,"12-15 years",0,0,5.005,0
"1552",6559,"< 12 years",0,0,38.845,0
"1553",6563,"< 12 years",0,0,40.118,0
"1554",6567,"< 12 years",0,0,7.266,0
"1555",6570,"12-15 years",0,0,14.097,0
"1556",6572,"12-15 years",0,0,7.417,1
"1557",6579,"< 12 years",0,0,3.559,0
"1558",6582,"12-15 years",0,0,43.496,0
"1559",6585,"12-15 years",0,0,47.264,0
"1560",6587,"12-15 years",0,0,28.249,1
"1561",6589,"12-15 years",0,0,3.499,0
"1562",6596,"< 12 years",0,0,42.431,0
"1563",6599,"12-15 years",0,0,39.168,0
"1564",6603,"12-15 years",0,0,19.951,0
"1565",6617,"12-15 years",0,0,1.164,0
"1566",6620,"12-15 years",0,0,25.818,0
"1567",6624,"12-15 years",0,0,6.47,0
"1568",6630,"12-15 years",0,0,12.233,0
"1569",6635,"12-15 years",0,0,10.086,1
"1570",6637,"12-15 years",0,0,25.696,1
"1571",6639,"< 12 years",0,0,58.363,0
"1572",6644,"12-15 years",0,0,3.526,0
"1573",6647,"< 12 years",0,0,55.51,0
"1574",6648,"< 12 years",0,0,19.559,0
"1575",6654,"< 12 years",0,0,6.801,1
"1576",6655,"12-15 years",0,0,8.616,0
"1577",6658,"< 12 years",0,0,44.085,0
"1578",6668,"12-15 years",0,0,25.588,0
"1579",6670,"< 12 years",1,0,19.611,0
"1580",6671,"12-15 years",0,0,11.2495,1
"1581",6673,"12-15 years",0,0,5.002,0
"1582",6684,"12-15 years",0,0,26.771,0
"1583",6688,"12-15 years",0,0,8.764,1
"1584",6693,"12-15 years",0,0,21.372,0
"1585",6694,"12-15 years",0,0,7.838,0
"1586",6697,"12-15 years",0,0,30.93,0
"1587",6699,"< 12 years",0,0,32,0
"1588",6704,"12-15 years",0,0,18.144,0
"1589",6710,"12-15 years",0,0,1.333,1
"1590",6719,"12-15 years",0,0,5.7495,1
"1591",6721,"12-15 years",0,0,27.001,0
"1592",6725,"12-15 years",0,0,24.641,0
"1593",6732,"< 12 years",0,0,1.1665,1
"1594",6734,"< 12 years",0,0,3.885,0
"1595",6738,"12-15 years",0,0,27.581,0
"1596",6743,"< 12 years",0,0,4.4435,1
"1597",6746,"< 12 years",0,0,4.9995,1
"1598",6753,"12-15 years",0,0,21.561,0
"1599",6756,"12-15 years",0,0,21.336,0
"1600",6763,"12-15 years",0,0,39.641,0
"1601",6768,"12-15 years",0,0,17.142,0
"1602",6774,"12-15 years",0,0,16.337,0
"1603",6782,"12-15 years",0,0,17.142,0
"1604",6784,"12-15 years",0,0,61.667,0
"1605",6785,"12-15 years",0,0,17.112,1
"1606",6787,"< 12 years",0,0,11.436,0
"1607",6789,"12-15 years",0,0,47.671,0
"1608",6795,"< 12 years",0,0,2.872,0
"1609",6797,"12-15 years",0,0,14.6695,1
"1610",6800,"12-15 years",0,0,14.6695,1
"1611",6807,"< 12 years",0,0,5.5825,1
"1612",6809,"16+ years",0,0,43.042,0
"1613",6816,"12-15 years",0,0,2.9185,1
"1614",6819,"12-15 years",0,0,11.896,0
"1615",6825,"12-15 years",0,0,8.953,0
"1616",6827,"12-15 years",0,0,43.573,0
"1617",6832,"12-15 years",0,0,2.634,0
"1618",6839,"12-15 years",0,0,6.2095,1
"1619",6841,"12-15 years",0,0,16.329,0
"1620",6843,"< 12 years",0,0,24.4435,1
"1621",6845,"12-15 years",0,0,52,0
"1622",6848,"< 12 years",0,0,9.1665,1
"1623",6852,"< 12 years",0,0,4.3285,1
"1624",6857,"< 12 years",0,0,10.412,0
"1625",6859,"16+ years",0,0,46.524,0
"1626",6862,"< 12 years",0,0,3.5015,1
"1627",6866,"12-15 years",0,0,7.409,0
"1628",6873,"12-15 years",0,1,3.001,0
"1629",6875,"< 12 years",0,0,25.4235,1
"1630",6878,"< 12 years",0,0,3.001,0
"1631",6886,"16+ years",0,0,27.0825,1
"1632",6890,"12-15 years",0,0,24.586,0
"1633",6897,"16+ years",0,0,7.828,0
"1634",6901,"12-15 years",0,0,10.998,1
"1635",6902,"< 12 years",0,0,0.745,0
"1636",6907,"< 12 years",0,0,3.0035,1
"1637",6910,"< 12 years",0,1,24.249,0
"1638",6916,"16+ years",0,0,23.45,0
"1639",6918,"< 12 years",0,0,20.1095,1
"1640",6919,"< 12 years",0,0,22.656,0
"1641",6921,"< 12 years",0,0,25.01,0
"1642",6922,"12-15 years",1,0,14.743,0
"1643",6923,"16+ years",0,0,48.999,0
"1644",6926,"< 12 years",0,0,4.203,1
"1645",6929,"< 12 years",0,0,54.418,0
"1646",6941,"12-15 years",0,0,13.279,0
"1647",6942,"12-15 years",0,0,25.35,0
"1648",6951,"< 12 years",0,0,32.791,0
"1649",6955,"12-15 years",0,0,7.663,0
"1650",6960,"12-15 years",0,0,17.823,0
"1651",6966,"< 12 years",0,0,0.999,0
"1652",6975,"< 12 years",0,0,2.0455,1
"1653",6979,"12-15 years",0,0,3.113,1
"1654",6985,"12-15 years",0,0,53.993,0
"1655",6992,"12-15 years",0,0,53.993,0
"1656",6995,"< 12 years",0,0,30.916,0
"1657",6997,"< 12 years",0,0,26.015,0
"1658",7000,"12-15 years",0,0,26.762,0
"1659",7001,"< 12 years",0,0,3.1235,1
"1660",7007,"< 12 years",0,0,9.495,1
"1661",7013,"< 12 years",0,0,9.347,1
"1662",7016,"12-15 years",0,0,40.698,0
"1663",7021,"12-15 years",0,0,7.584,0
"1664",7023,"< 12 years",0,0,11.748,1
"1665",7025,"12-15 years",0,0,50.494,0
"1666",7027,"12-15 years",0,0,22.992,0
"1667",7037,"12-15 years",0,0,10.338,1
"1668",7039,"< 12 years",0,0,40.093,0
"1669",7042,"< 12 years",0,0,40.093,0
"1670",7046,"12-15 years",0,0,18.519,0
"1671",7052,"< 12 years",0,0,9.437,0
"1672",7055,"12-15 years",0,0,9.437,0
"1673",7057,"12-15 years",0,0,26.554,0
"1674",7060,"12-15 years",0,0,26.554,0
"1675",7064,"12-15 years",1,0,0.238,0
"1676",7069,"12-15 years",1,0,0.498,1
"1677",7077,"12-15 years",1,0,11.028,1
"1678",7080,"12-15 years",0,0,45.96,0
"1679",7087,"12-15 years",0,0,34.502,0
"1680",7089,"12-15 years",0,0,13.7505,1
"1681",7094,"12-15 years",0,0,5.451,0
"1682",7101,"12-15 years",0,0,7.915,1
"1683",7119,"12-15 years",0,0,9.7195,1
"1684",7121,"12-15 years",0,0,2.4175,1
"1685",7124,"< 12 years",0,1,55.42,0
"1686",7130,"< 12 years",1,1,15.995,0
"1687",7137,"12-15 years",1,0,4.958,0
"1688",7142,"12-15 years",1,1,15.995,0
"1689",7144,"12-15 years",0,0,28.008,0
"1690",7147,"12-15 years",0,0,1.002,0
"1691",7149,"12-15 years",0,0,14.749,1
"1692",7151,"12-15 years",0,0,42.023,0
"1693",7154,"< 12 years",0,0,42.023,0
"1694",7161,"12-15 years",0,0,5.235,0
"1695",7179,"12-15 years",0,0,3.2495,1
"1696",7192,"< 12 years",0,0,51.57,0
"1697",7195,"12-15 years",0,0,38.585,0
"1698",7197,"12-15 years",0,0,20,0
"1699",7201,"12-15 years",0,0,15.997,0
"1700",7204,"12-15 years",0,0,15.997,0
"1701",7207,"12-15 years",0,0,24.999,0
"1702",7210,"16+ years",0,0,5.421,1
"1703",7217,"< 12 years",0,0,3.447,0
"1704",7219,"12-15 years",0,0,9.999,0
"1705",7227,"16+ years",0,0,37.999,0
"1706",7231,"12-15 years",1,0,22.4995,1
"1707",7233,"16+ years",0,1,4.4575,1
"1708",7236,"12-15 years",0,0,12.4995,1
"1709",7239,"< 12 years",0,0,8.35,0
"1710",7243,"12-15 years",0,0,11.532,0
"1711",7249,"12-15 years",0,0,18.237,0
"1712",7251,"12-15 years",0,0,18.237,0
"1713",7253,"12-15 years",0,0,54.91,0
"1714",7257,"12-15 years",0,0,1.752,1
"1715",7263,"16+ years",0,0,14.998,0
"1716",7266,"12-15 years",0,0,12,0
"1717",7271,"< 12 years",0,0,48.999,0
"1718",7273,"12-15 years",0,0,41.947,0
"1719",7277,"16+ years",0,0,17.506,0
"1720",7278,"16+ years",0,0,17.506,0
"1721",7283,"12-15 years",0,0,1.465,0
"1722",7289,"12-15 years",0,0,5.829,1
"1723",7295,"12-15 years",0,0,37.158,0
"1724",7297,"< 12 years",0,0,29.999,0
"1725",7301,"12-15 years",0,0,1.407,0
"1726",7303,"12-15 years",0,0,9.999,0
"1727",7305,"12-15 years",0,0,1.1585,1
"1728",7310,"16+ years",0,0,9.999,1
"1729",7317,"< 12 years",0,0,12.769,0
"1730",7320,"< 12 years",0,1,44.999,0
"1731",7324,"12-15 years",1,0,12.8295,1
"1732",7328,"< 12 years",1,0,40.854,0
"1733",7331,"12-15 years",0,0,5.081,1
"1734",7337,"12-15 years",0,0,18.875,0
"1735",7339,"12-15 years",0,0,21.352,0
"1736",7348,"16+ years",0,0,18.804,0
"1737",7353,"12-15 years",0,0,15.064,0
"1738",7360,"12-15 years",0,0,8,1
"1739",7364,"12-15 years",0,0,37.999,0
"1740",7367,"12-15 years",0,0,29.355,0
"1741",7370,"16+ years",0,0,4.794,0
"1742",7373,"12-15 years",0,1,13.372,0
"1743",7375,"12-15 years",0,0,35.08,0
"1744",7378,"12-15 years",0,0,35.08,0
"1745",7384,"16+ years",0,0,2.79,0
"1746",7386,"12-15 years",0,0,24.446,1
"1747",7389,"12-15 years",0,0,19.42,1
"1748",7394,"12-15 years",0,0,10.0835,1
"1749",7402,"< 12 years",0,0,4.789,0
"1750",7404,"12-15 years",0,0,13.697,0
"1751",7407,"12-15 years",0,0,10.59,1
"1752",7410,"12-15 years",0,0,24.999,0
"1753",7413,"12-15 years",0,0,16,0
"1754",7417,"16+ years",0,0,12.739,0
"1755",7421,"< 12 years",0,0,21.648,0
"1756",7426,"12-15 years",0,0,19.058,0
"1757",7434,"12-15 years",0,0,20.424,0
"1758",7441,"12-15 years",0,0,54.251,0
"1759",7458,"12-15 years",0,0,25.194,0
"1760",7482,"< 12 years",0,0,2.623,0
"1761",7489,"12-15 years",0,0,18.579,0
"1762",7491,"< 12 years",0,0,17.413,0
"1763",7493,"12-15 years",0,0,30.773,0
"1764",7497,"12-15 years",0,0,5.424,0
"1765",7502,"12-15 years",0,0,0.608,0
"1766",7509,"12-15 years",0,0,23.414,0
"1767",7510,"< 12 years",0,0,0.5145,1
"1768",7512,"< 12 years",0,0,13.999,0
"1769",7515,"< 12 years",0,0,13.999,0
"1770",7518,"12-15 years",0,0,22.442,1
"1771",7521,"16+ years",0,0,38.612,0
"1772",7526,"12-15 years",0,0,4.994,0
"1773",7529,"12-15 years",0,0,28.14,0
"1774",7531,"< 12 years",0,0,24,0
"1775",7534,"< 12 years",0,0,57.062,0
"1776",7536,"< 12 years",0,0,48.17,0
"1777",7543,"12-15 years",0,0,23.4,0
"1778",7545,"12-15 years",0,0,27.343,0
"1779",7549,"12-15 years",0,0,16.832,1
"1780",7558,"< 12 years",0,0,0.999,1
"1781",7563,"12-15 years",0,0,1.503,1
"1782",7565,"< 12 years",1,0,25.718,1
"1783",7568,"< 12 years",0,1,33.752,0
"1784",7569,"< 12 years",1,0,22.428,0
"1785",7572,"< 12 years",0,0,27.406,0
"1786",7584,"< 12 years",0,0,0.115,0
"1787",7586,"16+ years",0,0,52.172,0
"1788",7589,"12-15 years",0,0,52.172,0
"1789",7593,"16+ years",0,0,19.0825,1
"1790",7594,"16+ years",0,0,19.0825,1
"1791",7596,"12-15 years",1,0,32.923,0
"1792",7608,"16+ years",0,0,8.613,0
"1793",7624,"12-15 years",0,0,1.413,0
"1794",7627,"16+ years",0,0,8,0
"1795",7630,"< 12 years",0,0,48.422,0
"1796",7638,"< 12 years",0,0,24.526,0
"1797",7643,"12-15 years",0,0,22.467,0
"1798",7645,"< 12 years",0,0,0.8735,1
"1799",7646,"12-15 years",0,0,3.921,1
"1800",7647,"< 12 years",0,0,9.27,0
"1801",7649,"< 12 years",1,1,29.4125,1
"1802",7673,"12-15 years",1,0,13.032,0
"1803",7676,"< 12 years",0,0,63.45,0
"1804",7678,"12-15 years",0,0,43.953,0
"1805",7684,"12-15 years",0,0,3.4965,1
"1806",7686,"< 12 years",0,0,34.691,0
"1807",7688,"< 12 years",0,0,5.8755,1
"1808",7692,"12-15 years",0,0,1.7605,1
"1809",7697,"12-15 years",0,0,16.249,0
"1810",7703,"12-15 years",0,0,8.534,0
"1811",7718,"12-15 years",0,0,12.2,0
"1812",7721,"16+ years",0,0,9.4155,1
"1813",7725,"16+ years",0,0,9.4155,1
"1814",7728,"12-15 years",0,0,46.582,0
"1815",7732,"12-15 years",0,0,3.5045,1
"1816",7734,"16+ years",0,0,46.705,0
"1817",7736,"16+ years",0,0,20.824,0
"1818",7742,"16+ years",0,0,6.0015,1
"1819",7743,"16+ years",0,0,18.086,1
"1820",7745,"12-15 years",0,0,6.0015,1
"1821",7747,"16+ years",0,0,25.6235,1
"1822",7749,"12-15 years",0,0,23.0005,1
"1823",7752,"12-15 years",0,0,20.999,0
"1824",7755,"12-15 years",0,0,30.998,0
"1825",7760,"16+ years",0,0,14.0835,1
"1826",7766,"12-15 years",0,0,16.816,0
"1827",7768,"< 12 years",0,0,9.58,0
"1828",7772,"< 12 years",0,0,35.669,0
"1829",7774,"< 12 years",0,0,40.219,0
"1830",7776,"12-15 years",0,0,0.252,0
"1831",7779,"12-15 years",0,0,0.252,0
"1832",7784,"12-15 years",0,0,56.761,0
"1833",7801,"12-15 years",1,0,7.6335,1
"1834",7803,"< 12 years",1,0,3.332,1
"1835",7806,"12-15 years",0,0,7.0475,1
"1836",7818,"12-15 years",0,0,0.999,0
"1837",7822,"12-15 years",0,0,23.8305,1
"1838",7828,"12-15 years",0,0,6.338,1
"1839",7839,"12-15 years",0,0,3.904,0
"1840",7841,"12-15 years",0,0,26.5245,1
"1841",7846,"12-15 years",0,0,6.5025,1
"1842",7849,"12-15 years",1,0,25.999,0
"1843",7852,"12-15 years",0,0,17.793,0
"1844",7853,"< 12 years",0,0,1.574,0
"1845",7863,"12-15 years",0,0,6.4995,1
"1846",7866,"12-15 years",0,0,17.58,1
"1847",7882,"12-15 years",0,0,29.7875,1
"1848",7883,"12-15 years",0,0,15.669,0
"1849",7885,"< 12 years",1,0,18.311,1
"1850",7888,"< 12 years",0,1,18.7955,1
"1851",7892,"12-15 years",1,0,9.897,0
"1852",7894,"< 12 years",0,1,19.6225,1
"1853",7905,"12-15 years",0,0,0.419,1
"1854",7907,"< 12 years",0,0,15.7355,1
"1855",7911,"< 12 years",0,0,2.973,0
"1856",7912,"12-15 years",0,0,2.973,0
"1857",7915,"< 12 years",0,0,9.7635,1
"1858",7918,"< 12 years",0,0,14.749,0
"1859",7920,"12-15 years",0,0,26.998,0
"1860",7922,"16+ years",0,0,47.86,0
"1861",7924,"16+ years",0,0,18.166,0
"1862",7928,"< 12 years",0,0,1.719,0
"1863",7934,"12-15 years",0,0,18.598,0
"1864",7936,"16+ years",0,0,40.411,0
"1865",7940,"16+ years",0,0,20.925,0
"1866",7943,"16+ years",0,0,13.511,0
"1867",7944,"< 12 years",0,0,18.505,0
"1868",7949,"16+ years",0,0,6.2835,1
"1869",7952,"12-15 years",0,0,6.664,1
"1870",7953,"12-15 years",0,0,14.327,0
"1871",7955,"12-15 years",0,0,33.999,0
"1872",7958,"12-15 years",0,0,32.819,0
"1873",7974,"12-15 years",0,1,9.914,0
"1874",7976,"< 12 years",0,0,49.99,0
"1875",7979,"< 12 years",0,0,49.99,0
"1876",7981,"< 12 years",0,0,45.758,0
"1877",7984,"< 12 years",0,0,27.499,1
"1878",7987,"12-15 years",0,0,28.936,0
"1879",7992,"16+ years",0,0,7.1265,1
"1880",7998,"16+ years",0,0,0.846,0
"1881",8002,"12-15 years",0,0,16.616,1
"1882",8010,"12-15 years",0,0,16.104,0
"1883",8019,"< 12 years",0,0,4.9145,1
"1884",8027,"16+ years",0,0,24.142,0
"1885",8029,"12-15 years",0,0,46.1,0
"1886",8036,"12-15 years",0,0,23.7455,1
"1887",8038,"12-15 years",0,0,57.561,0
"1888",8042,"16+ years",0,0,17.947,0
"1889",8043,"16+ years",0,0,17.947,0
"1890",8045,"12-15 years",0,0,50.103,0
"1891",8048,"12-15 years",0,0,50.103,0
"1892",8050,"< 12 years",0,0,7.0005,1
"1893",8053,"< 12 years",0,0,28.997,0
"1894",8058,"12-15 years",0,0,8.52,0
"1895",8064,"12-15 years",0,0,22.001,0
"1896",8070,"< 12 years",1,0,46.24,0
"1897",8073,"12-15 years",0,0,60.882,0
"1898",8075,"16+ years",0,0,8.7475,1
"1899",8083,"12-15 years",0,0,4.865,0
"1900",8087,"12-15 years",0,0,17.177,0
"1901",8092,"12-15 years",0,0,21.092,0
"1902",8094,"< 12 years",0,0,55.14,0
"1903",8098,"< 12 years",0,0,43.984,0
"1904",8101,"< 12 years",0,0,49.142,0
"1905",8103,"12-15 years",0,0,15.617,1
"1906",8107,"12-15 years",0,0,17.722,0
"1907",8111,"12-15 years",0,0,32.419,0
"1908",8114,"< 12 years",0,0,2.0015,1
"1909",8122,"< 12 years",0,0,38.743,0
"1910",8124,"< 12 years",0,0,50.24,0
"1911",8128,"< 12 years",0,0,1.415,0
"1912",8131,"12-15 years",0,0,27.023,0
"1913",8133,"12-15 years",0,0,9.3745,1
"1914",8138,"12-15 years",0,0,4,1
"1915",8144,"16+ years",0,0,26.196,0
"1916",8146,"12-15 years",0,0,14.001,0
"1917",8149,"12-15 years",0,0,14.001,0
"1918",8151,"< 12 years",0,1,22.582,1
"1919",8157,"12-15 years",0,0,23.351,0
"1920",8161,"< 12 years",0,0,11.923,1
"1921",8172,"12-15 years",0,1,6.4585,1
"1922",8183,"12-15 years",0,0,9.259,0
"1923",8186,"12-15 years",0,0,42.097,0
"1924",8192,"< 12 years",0,0,12.1205,1
"1925",8198,"12-15 years",0,0,7.009,0
"1926",8210,"12-15 years",1,1,10.122,1
"1927",8218,"< 12 years",0,1,42.376,0
"1928",8221,"12-15 years",0,0,23.042,0
"1929",8223,"12-15 years",0,0,19.003,0
"1930",8225,"16+ years",0,0,13.999,0
"1931",8228,"12-15 years",0,0,13.999,0
"1932",8231,"< 12 years",0,0,1.068,0
"1933",8233,"< 12 years",0,0,27.201,0
"1934",8244,"< 12 years",0,0,0.917,1
"1935",8245,"16+ years",0,0,2.168,1
"1936",8247,"12-15 years",0,0,8.583,1
"1937",8255,"< 12 years",1,0,9.142,0
"1938",8260,"< 12 years",0,1,53.04,0
"1939",8265,"16+ years",0,0,0.676,0
"1940",8266,"12-15 years",0,0,4.085,1
"1941",8270,"< 12 years",1,0,6.177,0
"1942",8275,"12-15 years",0,0,6.661,0
"1943",8278,"12-15 years",0,1,5.1635,1
"1944",8283,"12-15 years",1,0,3.285,0
"1945",8288,"16+ years",0,0,13.2925,1
"1946",8292,"16+ years",0,0,12.586,1
"1947",8294,"< 12 years",0,0,5.002,0
"1948",8295,"12-15 years",0,0,12.794,0
"1949",8298,"12-15 years",0,0,7.0005,1
"1950",8300,"12-15 years",0,0,20.3645,1
"1951",8302,"16+ years",0,0,10.806,0
"1952",8307,"16+ years",0,0,5.043,0
"1953",8311,"16+ years",1,0,7.948,0
"1954",8314,"12-15 years",1,1,10.9655,1
"1955",8321,"12-15 years",1,1,11.953,0
"1956",8335,"12-15 years",0,1,3.77,0
"1957",8340,"12-15 years",0,1,2.001,0
"1958",8348,"12-15 years",1,0,7.94,0
"1959",8350,"< 12 years",1,0,20,0
"1960",8353,"12-15 years",1,0,20,0
"1961",8358,"16+ years",0,0,6.207,0
"1962",8364,"12-15 years",0,0,1.799,0
"1963",8372,"12-15 years",0,0,2.649,1
"1964",8376,"< 12 years",0,0,56.999,0
"1965",8380,"< 12 years",0,0,11.502,0
"1966",8385,"< 12 years",0,0,27.496,0
"1967",8390,"< 12 years",0,0,11.502,0
"1968",8396,"16+ years",0,0,2.502,0
"1969",8405,"12-15 years",0,0,15.0035,1
"1970",8419,"16+ years",0,0,0.567,0
"1971",8423,"< 12 years",0,1,26.3765,1
"1972",8427,"12-15 years",0,1,3.335,1
"1973",8433,"< 12 years",1,1,0.9995,1
"1974",8444,"12-15 years",1,0,15.63,0
"1975",8451,"< 12 years",1,1,23.231,0
"1976",8453,"12-15 years",1,1,16.3175,1
"1977",8456,"< 12 years",0,1,16.3315,1
"1978",8466,"16+ years",1,0,7.02,0
"1979",8470,"12-15 years",0,1,25.366,0
"1980",8474,"12-15 years",1,0,6.8335,1
"1981",8480,"12-15 years",1,1,11.206,0
"1982",8483,"12-15 years",0,0,18.097,0
"1983",8486,"< 12 years",0,0,0.753,1
"1984",8487,"12-15 years",0,0,6.0835,1
"1985",8498,"< 12 years",0,0,7.31,0
"1986",8512,"12-15 years",0,1,17.999,0
"1987",8517,"12-15 years",1,0,8.271,1
"1988",8520,"< 12 years",0,1,3.1665,1
"1989",8532,"< 12 years",0,1,10.664,0
"1990",8535,"12-15 years",0,0,5.328,0
"1991",8547,"12-15 years",0,1,22.423,1
"1992",8550,"12-15 years",1,0,20.69,0
"1993",8555,"12-15 years",0,1,1.41,0
"1994",8563,"12-15 years",1,0,10.168,1
"1995",8569,"12-15 years",1,1,3.0005,1
"1996",8576,"12-15 years",1,0,3.291,0
"1997",8585,"< 12 years",1,1,2.1655,1
"1998",8587,"< 12 years",1,0,19.106,1
"1999",8589,"< 12 years",0,1,24.663,0
"2000",8594,"12-15 years",1,1,7.02,0
"2001",8598,"< 12 years",1,1,2.494,0
"2002",8600,"< 12 years",1,0,35.001,0
"2003",8605,"12-15 years",0,1,10.916,0
"2004",8613,"< 12 years",1,0,2.779,0
"2005",8629,"12-15 years",1,0,2.749,0
"2006",8640,"< 12 years",1,0,6.598,1
"2007",8673,"< 12 years",1,0,1.503,0
"2008",8683,"< 12 years",1,1,19.2775,1
"2009",8685,"< 12 years",1,0,38.0915,1
"2010",8690,"< 12 years",1,1,4,1
"2011",8693,"12-15 years",0,1,11.2885,1
"2012",8702,"12-15 years",1,1,27.441,0
"2013",8719,"< 12 years",1,0,9.413,0
"2014",8726,"12-15 years",1,0,8.104,0
"2015",8730,"12-15 years",1,0,4.104,0
"2016",8741,"12-15 years",1,1,4.104,0
"2017",8743,"< 12 years",0,1,28,0
"2018",8754,"< 12 years",1,0,20.041,0
"2019",8758,"< 12 years",0,1,2.4555,1
"2020",8761,"< 12 years",0,1,38.669,0
"2021",8773,"16+ years",0,0,22.502,0
"2022",8775,"< 12 years",0,0,13.084,1
"2023",8780,"12-15 years",0,0,4,1
"2024",8786,"< 12 years",0,0,1.503,1
"2025",8789,"12-15 years",0,0,1.369,0
"2026",8795,"12-15 years",0,1,40.838,0
"2027",8798,"12-15 years",0,1,33.689,0
"2028",8801,"12-15 years",0,1,42.754,0
"2029",8805,"< 12 years",0,1,8.167,1
"2030",8813,"12-15 years",1,1,3.1295,1
"2031",8815,"12-15 years",1,0,5.3335,1
"2032",8816,"16+ years",1,0,5.826,1
"2033",8822,"16+ years",1,0,3.173,0
"2034",8827,"12-15 years",0,0,7.759,0
"2035",8831,"< 12 years",0,0,16.219,1
"2036",8833,"< 12 years",0,0,36.3775,1
"2037",8835,"12-15 years",0,0,27.381,0
"2038",8837,"12-15 years",0,0,13.922,0
"2039",8846,"12-15 years",0,0,8.252,1
"2040",8851,"12-15 years",0,0,5.153,0
"2041",8854,"12-15 years",0,0,18.319,0
"2042",8856,"16+ years",0,0,7.855,1
"2043",8860,"12-15 years",0,0,43.556,0
"2044",8885,"16+ years",0,0,2.1655,1
"2045",8887,"12-15 years",0,0,25.958,0
"2046",8908,"16+ years",0,0,4.17,1
"2047",8924,"12-15 years",1,0,8,0
"2048",8927,"< 12 years",0,1,23.918,0
"2049",8930,"< 12 years",1,1,9.624,0
"2050",8932,"12-15 years",0,1,7.5975,1
"2051",8937,"< 12 years",0,1,11.1075,1
"2052",8939,"12-15 years",1,1,29.1635,1
"2053",8959,"< 12 years",1,1,11.6605,1
"2054",8969,"12-15 years",0,1,0.167,1
"2055",8971,"12-15 years",0,0,29.999,0
"2056",8974,"12-15 years",0,0,29.999,0
"2057",8978,"12-15 years",0,1,15.54,0
"2058",8979,"< 12 years",1,1,17.582,0
"2059",8984,"< 12 years",1,0,14.905,0
"2060",8993,"12-15 years",0,1,6.8335,1
"2061",8997,"< 12 years",1,0,6.04,0
"2062",8998,"12-15 years",0,0,6.0015,1
"2063",9007,"12-15 years",0,0,9.6945,1
"2064",9012,"12-15 years",0,0,20.29,0
"2065",9013,"12-15 years",0,0,20.29,0
"2066",9018,"12-15 years",0,0,13.155,0
"2067",9028,"12-15 years",0,0,14.1655,1
"2068",9042,"12-15 years",0,0,12.665,0
"2069",9049,"12-15 years",0,0,12.578,1
"2070",9057,"12-15 years",0,0,0.164,0
"2071",9060,"12-15 years",0,1,45.164,0
"2072",9062,"< 12 years",1,0,12.999,0
"2073",9065,"< 12 years",0,1,4.539,0
"2074",9067,"12-15 years",1,1,14.8365,1
"2075",9069,"< 12 years",1,0,11.9645,1
"2076",9082,"12-15 years",0,0,16.504,1
"2077",9088,"12-15 years",0,0,5.503,1
"2078",9091,"12-15 years",0,0,16.504,1
"2079",9096,"12-15 years",0,0,5.503,1
"2080",9098,"12-15 years",1,1,11.001,0
"2081",9100,"< 12 years",0,0,17.2185,1
"2082",9102,"< 12 years",0,0,18.023,0
"2083",9108,"12-15 years",1,1,20.252,1
"2084",9112,"12-15 years",1,0,17.5825,1
"2085",9118,"< 12 years",0,1,6.0015,1
"2086",9126,"< 12 years",1,0,50.108,0
"2087",9131,"12-15 years",1,0,4.9145,1
"2088",9133,"< 12 years",1,0,2.004,0
"2089",9146,"< 12 years",1,0,4.225,0
"2090",9158,"12-15 years",1,0,29.077,0
"2091",9161,"16+ years",0,1,39.669,0
"2092",9163,"12-15 years",1,0,3.3375,1
"2093",9171,"< 12 years",0,0,2.171,1
"2094",9173,"< 12 years",0,0,56.668,0
"2095",9188,"< 12 years",0,0,49.511,0
"2096",9192,"12-15 years",0,0,15.17,0
"2097",9198,"< 12 years",0,0,25.018,0
"2098",9199,"< 12 years",0,0,6.897,0
"2099",9219,"12-15 years",0,1,18.374,0
"2100",9232,"12-15 years",1,1,3.666,1
"2101",9237,"< 12 years",0,0,46.22,0
"2102",9239,"< 12 years",0,0,30.081,0
"2103",9241,"12-15 years",0,0,14.22,0
"2104",9243,"< 12 years",1,1,17.952,1
"2105",9245,"< 12 years",1,0,37.539,0
"2106",9248,"< 12 years",0,1,48.252,0
"2107",9255,"12-15 years",1,0,15.622,1
"2108",9263,"12-15 years",0,0,7.5045,1
"2109",9266,"12-15 years",0,0,2.6615,1
"2110",9269,"< 12 years",0,1,26.8885,1
"2111",9271,"12-15 years",0,1,20.1285,1
"2112",9273,"< 12 years",0,0,20.942,0
"2113",9281,"12-15 years",0,0,5.588,1
"2114",9284,"16+ years",0,0,3.0855,1
"2115",9292,"< 12 years",0,1,11.904,0
"2116",9293,"12-15 years",1,1,11.904,0
"2117",9299,"12-15 years",0,1,5.383,0
"2118",9308,"< 12 years",0,0,1.084,1
"2119",9317,"< 12 years",0,0,12.2795,1
"2120",9325,"< 12 years",0,0,3.02,0
"2121",9328,"< 12 years",0,1,16,0
"2122",9331,"12-15 years",0,1,17.169,0
"2123",9336,"12-15 years",1,0,1.728,0
"2124",9339,"12-15 years",0,1,6.998,1
"2125",9341,"16+ years",1,1,13.875,0
"2126",9342,"12-15 years",0,1,18.71,0
"2127",9344,"< 12 years",1,0,34.001,0
"2128",9346,"< 12 years",0,0,6.502,1
"2129",9349,"12-15 years",0,0,6.0165,1
"2130",9353,"12-15 years",0,0,10.2505,1
"2131",9356,"12-15 years",0,1,22.749,0
"2132",9359,"12-15 years",1,0,24.999,0
"2133",9382,"< 12 years",1,0,12.219,1
"2134",9385,"12-15 years",1,0,17.363,0
"2135",9387,"< 12 years",1,1,29.999,0
"2136",9393,"12-15 years",0,0,24.044,0
"2137",9395,"16+ years",0,0,29.7275,1
"2138",9397,"< 12 years",0,1,33.96,0
"2139",9409,"12-15 years",1,0,15.589,0
"2140",9418,"12-15 years",1,0,8.225,0
"2141",9419,"12-15 years",0,1,15.918,1
"2142",9430,"< 12 years",1,1,21.774,1
"2143",9436,"12-15 years",0,0,11.748,0
"2144",9440,"16+ years",0,0,11.748,0
"2145",9449,"< 12 years",0,0,16.901,0
"2146",9458,"12-15 years",0,0,0.523,0
"2147",9464,"12-15 years",0,0,10.089,0
"2148",9466,"16+ years",0,0,19.6715,1
"2149",9472,"< 12 years",0,0,11.606,0
"2150",9483,"12-15 years",0,0,3.748,1
"2151",9490,"< 12 years",0,0,25.065,1
"2152",9493,"< 12 years",0,0,43.745,0
"2153",9496,"12-15 years",1,0,46.962,1
"2154",9498,"< 12 years",0,0,25.4125,1
"2155",9502,"16+ years",0,0,33.695,0
"2156",9505,"< 12 years",0,1,46.535,0
"2157",9512,"12-15 years",1,0,6.975,1
"2158",9518,"16+ years",1,0,3.833,1
"2159",9525,"12-15 years",0,1,14.283,1
"2160",9528,"12-15 years",0,1,19.896,0
"2161",9529,"16+ years",0,0,7.786,0
"2162",9534,"12-15 years",0,1,31.921,0
"2163",9536,"12-15 years",1,1,0.4985,1
"2164",9542,"< 12 years",0,1,2.0205,1
"2165",9544,"< 12 years",0,1,21.213,1
"2166",9547,"12-15 years",0,0,12,0
"2167",9550,"12-15 years",0,0,20.129,0
"2168",9552,"12-15 years",0,0,25.166,0
"2169",9554,"12-15 years",1,1,2.6285,1
"2170",9558,"16+ years",0,1,21.952,0
"2171",9561,"< 12 years",0,0,13.539,1
"2172",9563,"< 12 years",0,0,12.235,0
"2173",9565,"< 12 years",1,0,8.9555,1
"2174",9567,"< 12 years",0,1,60.249,0
"2175",9577,"12-15 years",1,0,7.351,0
"2176",9590,"12-15 years",0,1,2.1625,1
"2177",9601,"12-15 years",1,0,2.1625,1
"2178",9659,"< 12 years",0,1,19.7915,1
"2179",9663,"< 12 years",1,1,39.417,0
"2180",9666,"< 12 years",0,1,39.417,0
"2181",9667,"< 12 years",1,0,18.585,0
"2182",9669,"12-15 years",0,1,33.9955,1
"2183",9670,"12-15 years",0,1,3.756,1
"2184",9676,"12-15 years",0,1,8.2925,1
"2185",9683,"12-15 years",0,1,18.212,0
"2186",9686,"12-15 years",1,0,11.751,0
"2187",9690,"< 12 years",1,0,13.763,0
"2188",9692,"12-15 years",1,0,12.5515,1
"2189",9698,"< 12 years",0,1,14.319,0
"2190",9701,"< 12 years",0,1,12.747,0
"2191",9721,"< 12 years",1,1,12.931,0
"2192",9723,"< 12 years",1,0,22.0805,1
"2193",9725,"16+ years",0,0,34.084,0
"2194",9727,"< 12 years",0,0,11.296,1
"2195",9729,"< 12 years",1,1,14.905,0
"2196",9733,"12-15 years",1,1,3.261,0
"2197",9739,"< 12 years",0,1,11.102,0
"2198",9741,"< 12 years",1,1,35.756,0
"2199",9746,"< 12 years",0,1,19.332,0
"2200",9752,"< 12 years",1,0,3.808,0
"2201",9759,"< 12 years",1,0,5.509,0
"2202",9766,"12-15 years",0,0,13.418,1
"2203",9768,"12-15 years",0,1,16.834,0
"2204",9770,"< 12 years",1,0,12,0
"2205",9774,"< 12 years",0,0,11.303,1
"2206",9777,"12-15 years",0,0,6.297,0
"2207",9790,"12-15 years",1,0,2.286,0
"2208",9792,"16+ years",0,0,9.618,1
"2209",9801,"12-15 years",0,0,2.012,0
"2210",9814,"< 12 years",1,1,24.961,0
"2211",9824,"12-15 years",1,0,2.617,0
"2212",9826,"12-15 years",0,0,40.523,0
"2213",9828,"12-15 years",0,0,17.016,0
"2214",9830,"< 12 years",1,1,42.921,0
"2215",9833,"< 12 years",0,1,42.921,0
"2216",9842,"12-15 years",1,0,2.256,0
"2217",9849,"12-15 years",1,1,16.216,0
"2218",9857,"12-15 years",1,0,1.911,0
"2219",9859,"12-15 years",1,0,15.247,0
"2220",9868,"< 12 years",1,1,28,0
"2221",9874,"12-15 years",1,1,1.563,0
"2222",9876,"12-15 years",0,0,12.4845,1
"2223",9885,"12-15 years",0,0,2.576,0
"2224",9888,"12-15 years",0,1,15.603,0
"2225",9909,"12-15 years",1,0,6.527,0
"2226",9911,"12-15 years",0,0,47.25,0
"2227",9918,"12-15 years",0,0,11.751,0
"2228",9927,"12-15 years",0,0,16.339,0
"2229",9953,"12-15 years",0,0,21.999,0
"2230",9959,"12-15 years",1,1,4.7475,1
"2231",9965,"< 12 years",0,1,11.502,0
"2232",9966,"12-15 years",0,1,14.856,0
"2233",9974,"12-15 years",1,1,18.825,0
"2234",9997,"12-15 years",0,1,17.065,0
"2235",10001,"12-15 years",1,0,28.4985,1
"2236",10004,"12-15 years",0,1,28.501,0
"2237",10007,"12-15 years",0,1,36.041,0
"2238",10016,"12-15 years",1,1,0.539,0
"2239",10020,"< 12 years",0,1,11.841,0
"2240",10022,"< 12 years",0,1,32.164,0
"2241",10026,"12-15 years",1,1,5.372,0
"2242",10029,"12-15 years",0,0,15.025,0
"2243",10031,"12-15 years",0,0,8.512,0
"2244",10039,"< 12 years",0,1,18.998,0
"2245",10045,"< 12 years",0,1,4.4955,1
"2246",10050,"< 12 years",1,1,17.503,1
"2247",10054,"16+ years",0,1,4.72,0
"2248",10056,"< 12 years",0,1,24.9995,1
"2249",10059,"12-15 years",1,0,2.245,1
"2250",10063,"12-15 years",1,1,19.554,0
"2251",10067,"12-15 years",1,0,11.551,0
"2252",10080,"12-15 years",0,1,11.551,0
"2253",10082,"< 12 years",1,1,10.552,1
"2254",10089,"< 12 years",0,0,20,0
"2255",10092,"< 12 years",0,1,31.792,0
"2256",10094,"12-15 years",1,0,3.923,0
"2257",10105,"< 12 years",0,1,5.5,1
"2258",10109,"12-15 years",1,1,24.999,0
"2259",10113,"< 12 years",0,0,5.5605,1
"2260",10117,"< 12 years",0,0,4.337,1
"2261",10128,"< 12 years",1,0,0.621,0
"2262",10130,"< 12 years",1,0,20.137,0
"2263",10134,"< 12 years",1,1,3.855,0
"2264",10143,"< 12 years",1,1,18.4585,1
"2265",10160,"< 12 years",0,1,41.843,0
"2266",10166,"< 12 years",1,1,14.172,0
"2267",10168,"< 12 years",0,1,13.648,1
"2268",10170,"< 12 years",1,0,30.992,0
"2269",10182,"12-15 years",1,0,23.786,0
"2270",10196,"16+ years",0,0,7.168,1
"2271",10197,"< 12 years",0,0,1.498,0
"2272",10201,"12-15 years",0,0,22.7185,1
"2273",10206,"12-15 years",0,0,6.409,0
"2274",10216,"12-15 years",0,0,13.821,0
"2275",10217,"< 12 years",0,0,0.534,0
"2276",10222,"12-15 years",0,0,19.877,0
"2277",10230,"12-15 years",0,0,13.314,0
"2278",10239,"12-15 years",0,0,13.821,0
"2279",10242,"12-15 years",0,0,5.919,1
"2280",10245,"12-15 years",0,0,42.434,0
"2281",10253,"12-15 years",0,0,19.291,1
"2282",10256,"< 12 years",0,0,38.919,0
"2283",10258,"< 12 years",1,1,27.86,0
"2284",10261,"< 12 years",0,0,27.86,0
"2285",10265,"< 12 years",0,0,6.708,0
"2286",10267,"< 12 years",1,0,21.169,0
"2287",10270,"< 12 years",0,0,3.086,0
"2288",10271,"< 12 years",0,1,8.901,0
"2289",10272,"< 12 years",0,0,17.585,0
"2290",10274,"< 12 years",1,1,35.828,0
"2291",10282,"< 12 years",1,1,16.6055,1
"2292",10287,"< 12 years",1,1,22.867,0
"2293",10294,"< 12 years",0,1,14.582,0
"2294",10297,"< 12 years",0,1,30.861,0
"2295",10305,"12-15 years",1,1,11.759,0
"2296",10308,"12-15 years",0,1,4.534,0
"2297",10316,"12-15 years",1,1,21.7,0
"2298",10325,"12-15 years",1,0,0.381,0
"2299",10328,"12-15 years",1,0,8.435,0
"2300",10331,"< 12 years",0,1,47.852,0
"2301",10334,"12-15 years",1,0,2.305,0
"2302",10335,"< 12 years",1,0,26.111,0
"2303",10338,"< 12 years",1,1,13.629,0
"2304",10347,"12-15 years",0,0,5.96,0
"2305",10349,"12-15 years",0,0,1.5445,1
"2306",10357,"< 12 years",0,0,19.2525,1
"2307",10361,"< 12 years",0,0,4.999,1
"2308",10366,"12-15 years",0,0,4.843,0
"2309",10400,"12-15 years",0,0,4.843,0
"2310",10406,"< 12 years",0,0,19.064,0
"2311",10411,"12-15 years",0,0,6.7515,1
"2312",10432,"12-15 years",0,0,26.103,0
"2313",10442,"16+ years",1,0,4.307,0
"2314",10445,"12-15 years",1,0,17.577,1
"2315",10457,"< 12 years",1,1,21.227,0
"2316",10459,"< 12 years",0,1,19.54,1
"2317",10463,"12-15 years",1,1,4.6595,1
"2318",10468,"< 12 years",1,0,2.1435,1
"2319",10483,"< 12 years",1,0,7.751,0
"2320",10488,"12-15 years",1,0,5.604,0
"2321",10496,"16+ years",0,1,5.807,1
"2322",10499,"12-15 years",0,1,5.5085,1
"2323",10503,"< 12 years",1,1,6.021,0
"2324",10507,"< 12 years",0,1,23.001,1
"2325",10513,"12-15 years",1,1,16.668,1
"2326",10515,"12-15 years",0,0,16.668,1
"2327",10521,"16+ years",1,1,2.998,1
"2328",10528,"12-15 years",0,1,1.038,0
"2329",10536,"< 12 years",1,0,2.971,0
"2330",10543,"12-15 years",0,0,53.142,0
"2331",10546,"16+ years",0,0,11.792,0
"2332",10555,"< 12 years",0,0,0.923,0
"2333",10565,"< 12 years",1,1,2.938,0
"2334",10573,"< 12 years",0,1,9.8,0
"2335",10589,"12-15 years",0,0,4,1
"2336",10593,"12-15 years",0,0,18.127,0
"2337",10605,"12-15 years",0,1,20.991,0
"2338",10610,"12-15 years",0,0,38.428,0
"2339",10614,"12-15 years",0,0,15.871,0
"2340",10620,"< 12 years",0,1,2.168,1
"2341",10627,"12-15 years",1,0,21.593,0
"2342",10637,"12-15 years",1,0,21.095,0
"2343",10639,"< 12 years",1,1,11.028,1
"2344",10650,"12-15 years",0,0,1.448,0
"2345",10656,"12-15 years",0,0,10.168,1
"2346",10659,"16+ years",0,0,28.17,0
"2347",10662,"< 12 years",0,1,22.47,0
"2348",10680,"12-15 years",1,0,6.146,0
"2349",10687,"< 12 years",1,1,2.9155,1
"2350",10691,"< 12 years",0,1,2.9625,1
"2351",10699,"12-15 years",0,1,6.9185,1
"2352",10704,"12-15 years",1,1,15.195,0
"2353",10718,"12-15 years",0,0,0.427,1
"2354",10722,"12-15 years",0,0,13.051,0
"2355",10729,"12-15 years",0,0,14.472,0
"2356",10738,"12-15 years",0,0,17.117,0
"2357",10740,"< 12 years",1,1,39.803,0
"2358",10747,"< 12 years",0,1,25.166,0
"2359",10754,"12-15 years",0,1,9.5,1
"2360",10762,"12-15 years",1,1,5.339,1
"2361",10764,"12-15 years",0,0,13.254,1
"2362",10765,"< 12 years",1,1,11.748,0
"2363",10768,"12-15 years",0,0,5.588,1
"2364",10773,"12-15 years",0,0,0.5885,1
"2365",10786,"12-15 years",0,0,0.4985,1
"2366",10797,"12-15 years",1,1,22.973,0
"2367",10803,"12-15 years",0,1,1.763,0
"2368",10806,"12-15 years",0,1,43.097,0
"2369",10811,"12-15 years",1,0,10.858,0
"2370",10813,"< 12 years",1,1,2.9975,1
"2371",10816,"12-15 years",1,1,8.0025,1
"2372",10827,"12-15 years",1,1,22.502,0
"2373",10830,"< 12 years",0,1,57.415,0
"2374",10832,"12-15 years",1,1,18.9155,1
"2375",10838,"12-15 years",0,0,8.534,0
"2376",10839,"12-15 years",0,0,1.7275,1
"2377",10844,"< 12 years",0,1,21.722,0
"2378",10862,"< 12 years",1,0,4.92,0
"2379",10873,"< 12 years",0,0,52.14,0
"2380",10893,"12-15 years",1,0,15.217,0
"2381",10899,"12-15 years",0,1,8.983,1
"2382",10911,"12-15 years",1,0,8.608,0
"2383",10914,"12-15 years",1,0,1.098,0
"2384",10919,"< 12 years",0,0,14.067,0
"2385",10923,"< 12 years",0,0,14.067,0
"2386",10926,"< 12 years",0,1,50.251,0
"2387",10928,"< 12 years",0,1,16.419,0
"2388",10932,"12-15 years",0,0,23.034,0
"2389",10937,"12-15 years",0,0,12.304,0
"2390",10939,"12-15 years",0,0,17.013,0
"2391",10946,"12-15 years",0,0,30.2475,1
"2392",10948,"< 12 years",0,0,35.181,0
"2393",10953,"12-15 years",0,0,0.832,0
"2394",10958,"12-15 years",0,0,5.695,0
"2395",10960,"< 12 years",1,0,17.1965,1
"2396",10962,"12-15 years",1,0,19.409,0
"2397",10977,"< 12 years",1,0,49.687,0
"2398",10981,"< 12 years",1,1,10.001,0
"2399",10984,"< 12 years",0,1,15.997,0
"2400",10988,"12-15 years",0,0,10.338,1
"2401",10998,"12-15 years",0,0,5.0475,1
"2402",11000,"< 12 years",0,1,17.6265,1
"2403",11003,"12-15 years",1,1,16.093,0
"2404",11010,"12-15 years",1,1,12.602,0
"2405",11032,"< 12 years",0,1,52.794,0
"2406",11064,"12-15 years",1,1,16.586,1
"2407",11066,"12-15 years",1,0,4.454,0
"2408",11077,"< 12 years",1,1,11.546,0
"2409",11080,"< 12 years",0,1,50.182,0
"2410",11084,"< 12 years",0,0,35.001,0
"2411",11092,"12-15 years",0,0,2.472,0
"2412",11094,"< 12 years",1,1,34.459,0
"2413",11097,"< 12 years",0,1,34.459,0
"2414",11102,"12-15 years",1,0,11.173,0
"2415",11108,"< 12 years",0,1,10.094,0
"2416",11115,"12-15 years",1,0,10.094,0
"2417",11117,"< 12 years",1,0,42.746,0
"2418",11127,"< 12 years",1,0,3.89,0
"2419",11138,"12-15 years",1,0,14.125,0
"2420",11140,"< 12 years",1,1,27.499,0
"2421",11146,"< 12 years",1,1,3.305,0
"2422",11149,"< 12 years",0,1,48.246,0
"2423",11153,"< 12 years",0,1,9.3335,1
"2424",11161,"< 12 years",1,1,14.535,0
"2425",11181,"16+ years",0,0,10.992,0
"2426",11184,"12-15 years",1,1,12,1
"2427",11223,"12-15 years",0,1,30.88,0
"2428",11227,"12-15 years",1,0,4.526,0
"2429",11234,"16+ years",0,1,11.765,0
"2430",11244,"< 12 years",1,1,2.3545,1
"2431",11261,"12-15 years",0,0,2.305,0
"2432",11268,"12-15 years",0,0,0.945,0
"2433",11270,"< 12 years",1,1,49.919,0
"2434",11275,"12-15 years",1,0,4.252,1
"2435",11297,"< 12 years",1,1,14.5325,1
"2436",11315,"< 12 years",0,1,0.4985,1
"2437",11331,"12-15 years",1,1,11.477,1
"2438",11334,"12-15 years",1,0,10.352,0
"2439",11376,"12-15 years",0,0,3.376,0
"2440",11381,"< 12 years",0,0,13.333,0
"2441",11386,"12-15 years",0,0,5.2075,1
"2442",11393,"12-15 years",0,0,5.029,0
"2443",11395,"< 12 years",0,0,8.0435,1
"2444",11397,"< 12 years",1,1,26.311,0
"2445",11402,"12-15 years",1,0,6.207,0
"2446",11407,"< 12 years",1,1,4.6625,1
"2447",11412,"12-15 years",1,0,26.138,0
"2448",11414,"< 12 years",1,0,16.205,0
"2449",11417,"< 12 years",0,1,54.251,0
"2450",11421,"< 12 years",1,1,17.15,0
"2451",11428,"12-15 years",1,0,5.191,1
"2452",11432,"< 12 years",0,1,11.9455,1
"2453",11438,"12-15 years",1,1,11.028,0
"2454",11451,"12-15 years",1,0,18.823,0
"2455",11469,"12-15 years",0,0,7.5115,1
"2456",11471,"< 12 years",0,0,6.001,0
"2457",11478,"< 12 years",1,1,24.611,1
"2458",11483,"12-15 years",1,1,4.066,0
"2459",11492,"12-15 years",0,1,6.604,0
"2460",11493,"12-15 years",0,0,4.419,1
"2461",11495,"12-15 years",1,0,7.003,0
"2462",11514,"< 12 years",1,0,5.9465,1
"2463",11516,"< 12 years",1,0,1.9305,1
"2464",11527,"< 12 years",1,1,14.998,0
"2465",11536,"< 12 years",0,1,35.455,0
"2466",11545,"< 12 years",1,0,16.999,0
"2467",11550,"16+ years",0,0,19.168,0
"2468",11558,"12-15 years",0,0,6.264,0
"2469",11559,"< 12 years",0,0,2.1795,1
"2470",11562,"< 12 years",0,0,1.5825,1
"2471",11571,"12-15 years",0,1,0.835,0
"2472",11576,"< 12 years",1,1,3.888,0
"2473",11579,"< 12 years",0,0,22.6245,1
"2474",11581,"< 12 years",0,0,23.428,1
"2475",11583,"< 12 years",0,1,11.0005,1
"2476",11586,"12-15 years",1,0,4.057,0
"2477",11599,"< 12 years",0,0,17.906,0
"2478",11610,"12-15 years",0,0,18.73,0
"2479",11620,"12-15 years",0,0,15.362,0
"2480",11646,"< 12 years",0,0,15.362,0
"2481",11648,"< 12 years",0,1,8.789,0
"2482",11651,"12-15 years",1,1,2.497,1
"2483",11659,"< 12 years",0,0,49.774,0
"2484",11662,"< 12 years",0,0,46.171,0
"2485",11663,"< 12 years",0,0,21.363,0
"2486",11675,"12-15 years",0,0,14.998,0
"2487",11678,"12-15 years",0,0,14.998,0
"2488",11681,"12-15 years",0,1,12.4955,1
"2489",11683,"12-15 years",0,1,1.1635,1
"2490",11686,"< 12 years",0,0,2.248,1
"2491",11690,"< 12 years",1,0,13.4645,1
"2492",11693,"< 12 years",0,0,28,0
"2493",11696,"12-15 years",0,0,7.581,1
"2494",11698,"12-15 years",0,0,16.9365,1
"2495",11715,"< 12 years",1,0,20.515,0
"2496",11719,"< 12 years",1,0,7.329,1
"2497",11735,"< 12 years",1,1,13.676,0
"2498",11739,"12-15 years",1,0,9.1665,1
"2499",11749,"12-15 years",0,1,2.056,1
"2500",11751,"< 12 years",1,0,26.612,0
"2501",11754,"< 12 years",0,0,41.229,0
"2502",11758,"12-15 years",0,0,20.348,0
"2503",11768,"12-15 years",0,0,7.595,0
"2504",11771,"12-15 years",0,0,9.169,0
"2505",11775,"< 12 years",0,0,0.641,0
"2506",11777,"12-15 years",0,0,14.428,0
"2507",11782,"12-15 years",0,0,3.417,1
"2508",11791,"12-15 years",0,0,0.698,0
"2509",11794,"12-15 years",1,1,5.002,0
"2510",11814,"12-15 years",0,0,1.634,0
"2511",11817,"12-15 years",0,0,5.194,0
"2512",11820,"12-15 years",1,1,9.821,0
"2513",11821,"< 12 years",1,1,7.811,0
"2514",11823,"< 12 years",0,0,14.0315,1
"2515",11826,"12-15 years",0,0,24.819,0
"2516",11835,"16+ years",0,0,7.332,1
"2517",11838,"12-15 years",0,0,8.1615,1
"2518",11843,"< 12 years",0,0,2.982,0
"2519",11849,"12-15 years",1,0,2.8935,1
"2520",11859,"< 12 years",0,0,2.805,1
"2521",11870,"< 12 years",0,1,20.041,0
"2522",11876,"12-15 years",0,0,17.027,0
"2523",11879,"< 12 years",0,0,18.727,0
"2524",11886,"12-15 years",0,0,7.918,1
"2525",11897,"12-15 years",0,0,19.682,0
"2526",11901,"12-15 years",0,0,15.723,0
"2527",11904,"< 12 years",1,0,23.227,1
"2528",11907,"< 12 years",0,0,9.002,0
"2529",11909,"< 12 years",0,0,18.204,0
"2530",11912,"16+ years",0,0,18.283,0
"2531",11930,"12-15 years",1,0,0.627,0
"2532",11932,"12-15 years",1,0,8.768,1
"2533",11937,"12-15 years",1,0,9.3305,1
"2534",11941,"< 12 years",0,1,24.334,0
"2535",11963,"12-15 years",1,1,20.112,0
"2536",11965,"12-15 years",0,0,2.001,0
"2537",11967,"< 12 years",1,1,41.09,0
"2538",11973,"12-15 years",1,1,1.906,0
"2539",11987,"16+ years",0,1,20.12,0
"2540",11996,"< 12 years",0,0,4.167,1
"2541",12008,"12-15 years",1,0,3.17,0
"2542",12025,"< 12 years",1,0,4.4405,1
"2543",12028,"< 12 years",0,1,19.285,0
"2544",12036,"12-15 years",0,0,30.828,0
"2545",12040,"< 12 years",0,0,1.117,0
"2546",12045,"12-15 years",1,1,9.509,0
"2547",12050,"12-15 years",1,1,14.938,0
"2548",12053,"< 12 years",0,1,32.315,0
"2549",12057,"12-15 years",0,1,26.308,0
"2550",12064,"< 12 years",1,1,26.511,0
"2551",12067,"< 12 years",0,1,28.679,0
"2552",12075,"< 12 years",1,1,13.295,1
"2553",12077,"< 12 years",1,1,25.166,0
"2554",12080,"< 12 years",0,1,0.621,0
"2555",12086,"12-15 years",1,0,10.179,0
"2556",12092,"< 12 years",0,1,9.873,0
"2557",12101,"12-15 years",0,0,4.1645,1
"2558",12112,"< 12 years",1,1,10.894,0
"2559",12119,"12-15 years",0,0,8.917,1
"2560",12120,"12-15 years",0,0,8.917,1
"2561",12127,"12-15 years",1,1,39.833,0
"2562",12132,"16+ years",1,1,24.129,0
"2563",12150,"12-15 years",0,1,7.8465,1
"2564",12152,"< 12 years",1,1,48.832,0
"2565",12163,"12-15 years",1,1,26.976,0
"2566",12164,"16+ years",1,0,2.289,0
"2567",12165,"12-15 years",0,1,26.976,0
"2568",12168,"12-15 years",1,0,4.6625,1
"2569",12172,"< 12 years",1,0,18.215,0
"2570",12174,"< 12 years",0,0,22.355,0
"2571",12176,"< 12 years",0,1,16.583,0
"2572",12184,"< 12 years",1,1,2.801,1
"2573",12200,"< 12 years",1,1,38.912,0
"2574",12206,"12-15 years",0,1,11.409,0
"2575",12208,"< 12 years",1,0,11.409,0
"2576",12210,"< 12 years",0,0,16.3465,1
"2577",12218,"12-15 years",1,0,6.253,1
"2578",12220,"< 12 years",1,1,9.626,0
"2579",12224,"12-15 years",0,1,5.339,1
"2580",12230,"12-15 years",1,1,16.964,1
"2581",12250,"12-15 years",1,1,6.916,1
"2582",12272,"< 12 years",1,1,29.451,0
"2583",12277,"< 12 years",1,0,3.751,1
"2584",12283,"< 12 years",1,0,1.837,0
"2585",12301,"12-15 years",0,1,1.342,0
"2586",12302,"< 12 years",1,1,1.665,0
"2587",12306,"12-15 years",1,0,1.1665,1
"2588",12312,"< 12 years",1,1,17.87,0
"2589",12316,"12-15 years",1,1,21.087,0
"2590",12319,"< 12 years",1,0,6.7,0
"2591",12329,"< 12 years",1,1,12.3285,1
"2592",12337,"12-15 years",0,0,13.933,0
"2593",12341,"12-15 years",0,0,19.1075,1
"2594",12348,"12-15 years",0,0,15.002,1
"2595",12352,"16+ years",0,0,9.897,0
"2596",12356,"< 12 years",0,1,20,0
"2597",12358,"< 12 years",0,1,21.6265,1
"2598",12364,"12-15 years",1,1,2.998,1
"2599",12366,"< 12 years",1,0,13.517,0
"2600",12370,"16+ years",0,1,2.568,0
"2601",12381,"< 12 years",0,1,3.17,1
"2602",12385,"12-15 years",1,1,19.975,0
"2603",12388,"< 12 years",0,0,24,0
"2604",12393,"< 12 years",0,0,6.497,1
"2605",12396,"16+ years",0,0,6.0455,1
"2606",12399,"12-15 years",0,0,25.667,1
"2607",12405,"16+ years",0,0,15.817,0
"2608",12406,"16+ years",0,0,15.817,0
"2609",12410,"16+ years",0,0,8.66,0
"2610",12417,"16+ years",0,0,13.933,0
"2611",12425,"< 12 years",0,0,9.038,0
"2612",12429,"16+ years",0,0,5.692,1
"2613",12436,"16+ years",0,0,53.391,0
"2614",12440,"12-15 years",0,0,7.165,1
"2615",12443,"12-15 years",0,0,13.897,0
"2616",12454,"12-15 years",1,1,16.72,0
"2617",12457,"12-15 years",0,1,5.58,0
"2618",12464,"< 12 years",0,1,6.157,0
"2619",12467,"12-15 years",0,0,9.166,1
"2620",12474,"12-15 years",0,0,6.36,0
"2621",12476,"12-15 years",1,0,6.606,0
"2622",12478,"12-15 years",0,0,14.7705,1
"2623",12483,"12-15 years",1,1,11.017,0
"2624",12505,"12-15 years",1,1,3.044,0
"2625",12507,"12-15 years",0,1,5.8755,1
"2626",12509,"12-15 years",1,0,1.259,0
"2627",12535,"< 12 years",1,1,14.587,1
"2628",12538,"12-15 years",1,0,4.063,0
"2629",12543,"< 12 years",0,0,18.5585,1
"2630",12547,"12-15 years",0,1,19.995,0
"2631",12560,"< 12 years",0,1,4.003,0
"2632",12563,"12-15 years",0,0,28.49,0
"2633",12567,"< 12 years",0,0,4.72,0
"2634",12575,"< 12 years",0,0,4.92,0
"2635",12577,"< 12 years",0,0,1.517,1
"2636",12579,"12-15 years",1,0,27.1675,1
"2637",12580,"12-15 years",0,1,8.419,1
"2638",12585,"12-15 years",1,0,4.003,0
"2639",12586,"12-15 years",1,1,11.7945,1
"2640",12601,"12-15 years",0,1,20.142,0
"2641",12616,"12-15 years",0,0,17.251,1
"2642",12618,"< 12 years",0,0,1.804,0
"2643",12624,"< 12 years",0,0,0.498,1
"2644",12627,"< 12 years",0,0,0.498,1
"2645",12633,"12-15 years",0,0,9.5,0
"2646",12639,"12-15 years",0,0,1.2485,1
"2647",12640,"12-15 years",1,1,3.231,0
"2648",12643,"12-15 years",1,0,1.7165,1
"2649",12649,"12-15 years",0,0,9.002,0
"2650",12651,"< 12 years",0,0,11.759,1
"2651",12658,"< 12 years",1,1,14.497,0
"2652",12662,"< 12 years",0,0,36.999,0
"2653",12665,"12-15 years",0,0,13.506,0
"2654",12667,"< 12 years",0,1,9.1085,1
"2655",12671,"< 12 years",0,0,6.382,0
"2656",12674,"12-15 years",0,0,10.9625,1
"2657",12676,"< 12 years",0,0,54.877,0
"2658",12683,"12-15 years",0,0,2.166,1
"2659",12686,"< 12 years",0,1,23.17,1
"2660",12688,"< 12 years",0,1,10.7105,1
"2661",12691,"< 12 years",0,1,9.3305,1
"2662",12695,"12-15 years",1,1,9.3305,1
"2663",12710,"< 12 years",0,1,18.82,0
"2664",12723,"< 12 years",0,1,18.338,0
"2665",12731,"12-15 years",0,1,23.116,0
"2666",12748,"< 12 years",1,0,3.118,0
"2667",12750,"< 12 years",1,1,23.116,0
"2668",12761,"12-15 years",0,1,4.479,0
"2669",12769,"< 12 years",1,1,51.168,0
"2670",12773,"16+ years",1,1,10.689,0
"2671",12779,"12-15 years",1,1,12.192,0
"2672",12784,"12-15 years",1,0,12.167,0
"2673",12787,"12-15 years",0,0,29.254,1
"2674",12793,"< 12 years",0,1,11.335,1
"2675",12799,"< 12 years",1,0,7.537,0
"2676",12802,"< 12 years",0,0,16.2985,1
"2677",12804,"12-15 years",0,0,22.831,0
"2678",12806,"< 12 years",0,0,22.831,0
"2679",12814,"< 12 years",0,0,3.912,0
"2680",12823,"< 12 years",0,0,5.4975,1
"2681",12831,"16+ years",0,0,2.1655,1
"2682",12833,"12-15 years",0,1,23.0195,1
"2683",12837,"12-15 years",1,1,10.012,0
"2684",12838,"< 12 years",0,1,7.6085,1
"2685",12840,"< 12 years",1,0,56.085,0
"2686",12850,"< 12 years",1,0,7.88,0
"2687",12856,"12-15 years",1,0,7.335,1
"2688",12891,"12-15 years",1,1,10.2125,1
"2689",12893,"< 12 years",0,0,10.3765,1
"2690",12896,"< 12 years",0,0,10.012,1
"2691",12900,"< 12 years",0,0,1.1665,1
"2692",12906,"< 12 years",0,0,15.918,0
"2693",12929,"< 12 years",0,0,23.641,0
"2694",12943,"< 12 years",0,0,8.2135,1
"2695",12948,"12-15 years",1,1,10.965,0
"2696",12953,"12-15 years",0,1,16.81,0
"2697",12965,"16+ years",1,0,9.106,0
"2698",12987,"12-15 years",1,1,7.3595,1
"2699",12997,"< 12 years",0,1,3.8305,1
"2700",12999,"12-15 years",1,0,8.3915,1
"2701",13001,"12-15 years",0,0,31.036,0
"2702",13006,"< 12 years",0,0,0.775,0
"2703",13007,"12-15 years",0,0,7.444,0
"2704",13010,"16+ years",0,0,4.783,0
"2705",13021,"< 12 years",0,0,2.919,0
"2706",13024,"12-15 years",0,0,43.943,0
"2707",13028,"16+ years",0,0,21.062,0
"2708",13033,"12-15 years",0,0,17.81,0
"2709",13037,"16+ years",1,1,17.618,0
"2710",13045,"< 12 years",0,0,4.934,0
"2711",13048,"< 12 years",0,0,18.708,0
"2712",13052,"< 12 years",0,0,12.044,0
"2713",13058,"< 12 years",0,0,17.016,0
"2714",13062,"12-15 years",0,0,17.016,0
"2715",13065,"< 12 years",0,0,12.999,0
"2716",13068,"< 12 years",0,0,20.246,1
"2717",13069,"< 12 years",0,0,10.453,0
"2718",13071,"< 12 years",0,0,9.002,0
"2719",13073,"12-15 years",0,1,8.3995,1
"2720",13082,"12-15 years",1,1,1.336,1
"2721",13102,"12-15 years",0,1,17.164,0
"2722",13109,"< 12 years",1,1,10.256,0
"2723",13126,"12-15 years",1,1,3.63,0
"2724",13129,"< 12 years",0,1,29.9985,1
"2725",13133,"12-15 years",1,0,16.934,0
"2726",13141,"12-15 years",1,0,8.274,0
"2727",13147,"< 12 years",1,1,23.474,0
"2728",13150,"12-15 years",0,1,11.866,0
"2729",13152,"12-15 years",0,0,26.144,0
"2730",13156,"12-15 years",0,0,2.757,0
"2731",13158,"12-15 years",0,0,4.928,0
"2732",13162,"12-15 years",0,0,2.757,0
"2733",13164,"< 12 years",0,0,1.002,0
"2734",13167,"< 12 years",0,0,1.002,0
"2735",13169,"12-15 years",0,0,13.645,0
"2736",13178,"12-15 years",1,0,9.591,0
"2737",13197,"< 12 years",1,1,33.243,0
"2738",13200,"< 12 years",0,1,33.243,0
"2739",13211,"< 12 years",0,1,3.2525,1
"2740",13213,"< 12 years",0,0,12.977,0
"2741",13216,"< 12 years",0,0,29.944,0
"2742",13221,"< 12 years",0,0,3.8415,1
"2743",13227,"< 12 years",0,0,9.128,1
"2744",13229,"12-15 years",0,0,9.7575,1
"2745",13230,"12-15 years",0,0,15.54,0
"2746",13231,"12-15 years",1,0,6.743,0
"2747",13257,"12-15 years",0,1,12.731,1
"2748",13264,"< 12 years",1,0,0.512,1
"2749",13281,"12-15 years",0,1,25.352,0
"2750",13286,"16+ years",0,1,10.626,0
"2751",13303,"< 12 years",1,1,20.723,1
"2752",13304,"12-15 years",0,1,2.847,0
"2753",13310,"16+ years",1,1,5.7495,1
"2754",13312,"16+ years",0,1,8.893,0
"2755",13340,"< 12 years",0,1,11.8985,1
"2756",13356,"12-15 years",1,1,1.9985,1
"2757",13360,"16+ years",1,1,5.6755,1
"2758",13373,"< 12 years",1,0,0.509,1
"2759",13382,"< 12 years",0,1,8.493,0
"2760",13385,"12-15 years",0,0,9.8795,1
"2761",13388,"12-15 years",0,1,8.003,0
"2762",13391,"< 12 years",0,1,9.9985,1
"2763",13393,"< 12 years",0,1,12.917,1
"2764",13398,"12-15 years",0,1,6.4205,1
"2765",13401,"< 12 years",0,0,2.741,0
"2766",13403,"< 12 years",1,1,2.664,0
"2767",13405,"< 12 years",0,0,36.3915,1
"2768",13410,"16+ years",0,0,20.205,0
"2769",13412,"< 12 years",0,0,39.257,1
"2770",13422,"16+ years",1,1,25.169,1
"2771",13425,"12-15 years",0,1,3.4115,1
"2772",13437,"12-15 years",1,0,2.601,0
"2773",13445,"12-15 years",1,0,35.003,0
"2774",13455,"12-15 years",0,1,15.433,0
"2775",13460,"16+ years",0,1,17.845,0
"2776",13468,"12-15 years",1,0,8.383,1
"2777",13478,"< 12 years",0,1,22.565,0
"2778",13480,"< 12 years",0,0,14.787,1
"2779",13482,"< 12 years",0,1,32.786,0
"2780",13491,"< 12 years",1,0,9.656,0
"2781",13497,"< 12 years",1,0,17.55,0
"2782",13498,"12-15 years",1,0,2.045,0
"2783",13502,"< 12 years",1,0,5.977,0
"2784",13505,"< 12 years",0,1,26.497,1
"2785",13508,"12-15 years",1,0,11.414,0
"2786",13521,"< 12 years",1,1,31.989,0
"2787",13538,"< 12 years",0,1,37.836,0
"2788",13547,"12-15 years",1,1,42.508,0
"2789",13554,"16+ years",0,0,14.7325,1
"2790",13571,"12-15 years",1,0,3.351,0
"2791",13580,"< 12 years",1,0,6.396,0
"2792",13591,"16+ years",1,1,1.1665,1
"2793",13595,"< 12 years",1,0,6.344,0
"2794",13596,"12-15 years",1,0,8.334,1
"2795",13611,"12-15 years",0,0,24.027,0
"2796",13614,"< 12 years",0,1,14.817,0
"2797",13616,"12-15 years",1,1,21.914,1
"2798",13636,"12-15 years",1,1,4,1
"2799",13646,"12-15 years",0,0,2.3795,1
"2800",13650,"< 12 years",0,1,26.48,0
"2801",13655,"< 12 years",1,0,5.169,1
"2802",13677,"< 12 years",1,1,20.17,0
"2803",13683,"< 12 years",1,1,47.25,0
"2804",13686,"12-15 years",1,0,21.328,0
"2805",13688,"< 12 years",1,1,35.24,0
"2806",13700,"12-15 years",1,1,13.974,0
"2807",13702,"< 12 years",1,0,21.21,0
"2808",13717,"< 12 years",0,0,14.001,0
"2809",13724,"12-15 years",0,1,3.5,1
"2810",13731,"< 12 years",0,1,27.967,0
"2811",13733,"< 12 years",1,0,13.509,0
"2812",13747,"12-15 years",1,1,26.664,0
"2813",13754,"< 12 years",1,0,4,0
"2814",13765,"12-15 years",1,1,13.908,0
"2815",13774,"< 12 years",1,1,22.4015,1
"2816",13787,"12-15 years",1,1,13.446,0
"2817",13790,"< 12 years",0,0,12.865,0
"2818",13793,"< 12 years",0,1,26.001,0
"2819",13795,"< 12 years",1,0,16.203,0
"2820",13817,"< 12 years",1,0,19.055,0
"2821",13827,"< 12 years",1,0,14.324,0
"2822",13849,"< 12 years",1,1,20.0435,1
"2823",13864,"< 12 years",1,0,2.004,0
"2824",13871,"12-15 years",1,0,11.034,0
"2825",13887,"12-15 years",0,0,15.6715,1
"2826",13895,"12-15 years",0,1,10.103,0
"2827",13897,"< 12 years",1,1,26.272,0
"2828",13900,"< 12 years",0,1,26.272,0
"2829",13908,"12-15 years",1,0,5.218,0
"2830",13918,"< 12 years",1,1,13.446,0
"2831",13922,"< 12 years",0,0,56.882,0
"2832",13934,"< 12 years",0,0,16.312,1
"2833",13937,"< 12 years",0,1,8.496,0
"2834",13940,"12-15 years",0,1,26.22,0
"2835",13944,"< 12 years",1,1,1.2075,1
"2836",13950,"< 12 years",1,0,7.023,0
"2837",13953,"12-15 years",1,0,7.023,0
"2838",13955,"< 12 years",1,1,43.671,0
"2839",13958,"12-15 years",1,0,11.433,0
"2840",13964,"< 12 years",1,0,0.586,1
"2841",13975,"< 12 years",1,0,21.821,0
"2842",13977,"< 12 years",0,1,5.988,0
"2843",13994,"< 12 years",1,0,16.156,0
"2844",14002,"12-15 years",1,0,1.035,0
"2845",14006,"16+ years",0,1,1.035,0
"2846",14012,"12-15 years",0,0,9.81,0
"2847",14017,"12-15 years",0,0,15.901,0
"2848",14018,"12-15 years",0,0,23.915,0
"2849",14026,"< 12 years",0,0,5.84,1
"2850",14042,"12-15 years",1,0,1.363,0
"2851",14043,"< 12 years",0,0,18.579,1
"2852",14051,"12-15 years",1,0,7.732,0
"2853",14061,"12-15 years",1,0,7.732,0
"2854",14063,"< 12 years",1,1,42.461,0
"2855",14067,"12-15 years",0,1,9.933,0
"2856",14069,"< 12 years",1,1,4.1615,1
"2857",14083,"< 12 years",1,0,8.304,0
"2858",14087,"12-15 years",1,0,4.118,0
"2859",14096,"< 12 years",0,0,25.087,0
"2860",14100,"< 12 years",0,0,25.7495,1
"2861",14117,"< 12 years",1,0,9.999,0
"2862",14122,"< 12 years",0,1,1.4865,1
"2863",14126,"12-15 years",0,1,0.999,1
"2864",14134,"12-15 years",1,1,15.537,0
"2865",14136,"12-15 years",1,1,16.003,0
"2866",14161,"< 12 years",0,1,60.353,0
"2867",14214,"12-15 years",0,1,9.988,1
"2868",14234,"< 12 years",1,0,5.823,0
"2869",14244,"< 12 years",1,0,23.951,0
"2870",14246,"< 12 years",1,0,9.005,0
"2871",14248,"< 12 years",1,0,6.7295,1
"2872",14250,"< 12 years",1,0,32,0
"2873",14254,"12-15 years",1,1,4.359,0
"2874",14257,"12-15 years",0,0,3.4965,1
"2875",14258,"12-15 years",1,1,16.397,0
"2876",14260,"< 12 years",1,1,21.999,0
"2877",14263,"12-15 years",0,1,2.664,1
"2878",14265,"< 12 years",1,0,7.001,0
"2879",14267,"< 12 years",1,1,36.923,0
"2880",14270,"< 12 years",0,1,36.923,0
"2881",14274,"12-15 years",0,1,5.834,1
"2882",14280,"12-15 years",1,1,5.944,0
"2883",14289,"12-15 years",1,0,8.309,0
"2884",14291,"< 12 years",1,0,6.004,1
"2885",14294,"12-15 years",0,0,15.001,0
"2886",14298,"< 12 years",0,0,16.438,0
"2887",14304,"< 12 years",0,0,9.8755,1
"2888",14307,"12-15 years",0,0,25.106,0
"2889",14308,"12-15 years",0,0,8.249,1
"2890",14318,"12-15 years",0,0,2.513,0
"2891",14320,"< 12 years",1,1,0.8735,1
"2892",14323,"12-15 years",1,0,3.97,0
"2893",14325,"< 12 years",1,0,27.6345,1
"2894",14336,"< 12 years",0,1,25.916,0
"2895",14346,"< 12 years",1,0,42.672,0
"2896",14350,"12-15 years",1,0,8.162,0
"2897",14353,"< 12 years",0,0,51.748,0
"2898",14356,"< 12 years",1,0,16.999,0
"2899",14358,"12-15 years",0,0,16.194,0
"2900",14360,"< 12 years",0,0,12.999,0
"2901",14362,"< 12 years",1,1,13.999,0
"2902",14365,"12-15 years",0,1,13.999,0
"2903",14368,"16+ years",1,0,6.486,1
"2904",14377,"12-15 years",0,1,5.2125,1
"2905",14381,"12-15 years",1,0,5.911,0
"2906",14392,"12-15 years",1,1,1.002,1
"2907",14394,"12-15 years",1,0,4.589,1
"2908",14397,"12-15 years",1,0,6.935,0
"2909",14400,"12-15 years",1,0,24,0
"2910",14403,"12-15 years",0,0,37.793,0
"2911",14411,"12-15 years",0,0,14.472,0
"2912",14413,"< 12 years",0,0,7.6595,1
"2913",14420,"12-15 years",1,0,4.249,1
"2914",14421,"< 12 years",0,0,34.303,0
"2915",14430,"< 12 years",1,0,7.655,0
"2916",14437,"< 12 years",0,1,14.834,1
"2917",14440,"< 12 years",0,0,25.187,1
"2918",14444,"12-15 years",0,1,5.0155,1
"2919",14448,"16+ years",0,1,7.258,1
"2920",14455,"12-15 years",0,0,2.53,0
"2921",14457,"< 12 years",0,0,13.1665,1
"2922",14474,"12-15 years",0,0,7.288,0
"2923",14484,"12-15 years",0,0,7.288,0
"2924",14490,"12-15 years",0,0,4.101,0
"2925",14493,"< 12 years",0,0,32.416,0
"2926",14500,"< 12 years",0,0,6.283,0
"2927",14501,"< 12 years",0,0,2.245,0
"2928",14507,"12-15 years",0,0,2.084,0
"2929",14516,"12-15 years",1,1,4.268,1
"2930",14527,"< 12 years",1,1,21.999,0
"2931",14530,"12-15 years",0,1,21.999,0
"2932",14533,"12-15 years",0,0,14.683,0
"2933",14546,"< 12 years",0,0,34.543,0
"2934",14551,"12-15 years",1,0,8.999,0
"2935",14553,"< 12 years",0,0,7.091,1
"2936",14562,"< 12 years",1,0,3.001,0
"2937",14564,"< 12 years",1,1,7.2155,1
"2938",14570,"< 12 years",0,0,4.665,1
"2939",14572,"< 12 years",0,0,34.505,0
"2940",14575,"< 12 years",0,1,22.998,0
"2941",14579,"12-15 years",0,0,6.9595,1
"2942",14590,"12-15 years",0,0,9.158,0
"2943",14592,"12-15 years",0,0,2.2535,1
"2944",14594,"12-15 years",1,1,4.4295,1
"2945",14613,"< 12 years",1,1,27.253,0
"2946",14615,"< 12 years",1,0,15.2635,1
"2947",14622,"12-15 years",0,0,8.331,0
"2948",14630,"< 12 years",0,0,26.877,0
"2949",14636,"12-15 years",1,0,3.882,0
"2950",14639,"12-15 years",0,0,40.726,0
"2951",14643,"16+ years",0,0,6.552,1
"2952",14649,"12-15 years",0,0,12.854,0
"2953",14658,"< 12 years",0,0,6.502,0
"2954",14665,"16+ years",1,0,8.887,0
"2955",14670,"12-15 years",0,0,5.454,0
"2956",14690,"12-15 years",1,1,7.086,0
"2957",14694,"12-15 years",1,0,17.777,0
"2958",14699,"< 12 years",1,0,17.029,0
"2959",14702,"< 12 years",0,1,31.017,0
"2960",14707,"< 12 years",0,1,2.62,0
"2961",14711,"12-15 years",1,0,4.6955,1
"2962",14714,"12-15 years",0,1,41.309,0
"2963",14718,"12-15 years",0,1,24.082,0
"2964",14723,"12-15 years",1,1,20.145,0
"2965",14733,"< 12 years",0,0,35.228,0
"2966",14734,"12-15 years",0,0,1.684,0
"2967",14738,"< 12 years",0,0,12.98,0
"2968",14741,"< 12 years",0,1,21.081,0
"2969",14754,"< 12 years",1,0,34.268,0
"2970",14756,"< 12 years",1,0,41.095,0
"2971",14767,"< 12 years",1,0,14.4505,1
"2972",14782,"< 12 years",0,1,48.005,0
"2973",14790,"12-15 years",0,0,4.756,0
"2974",14802,"< 12 years",1,0,18.3095,1
"2975",14808,"< 12 years",0,1,16.9145,1
"2976",14822,"< 12 years",1,0,0.835,0
"2977",14825,"< 12 years",1,0,8.14,0
"2978",14827,"< 12 years",1,0,11.398,0
"2979",14828,"12-15 years",1,1,12.572,0
"2980",14830,"12-15 years",1,1,2.554,0
"2981",14833,"12-15 years",1,0,2.552,0
"2982",14835,"< 12 years",1,1,8,0
"2983",14839,"12-15 years",0,1,1.5825,1
"2984",14844,"< 12 years",1,1,10.333,0
"2985",14851,"16+ years",1,0,6.524,0
"2986",14857,"< 12 years",0,0,8.501,1
"2987",14860,"12-15 years",0,0,8.92,1
"2988",14867,"< 12 years",0,0,20.999,0
"2989",14870,"12-15 years",0,0,11.0825,1
"2990",14871,"12-15 years",0,0,23.299,0
"2991",14876,"< 12 years",0,0,7.948,0
"2992",14878,"12-15 years",0,0,7.948,0
"2993",14883,"12-15 years",0,0,24.153,0
"2994",14884,"12-15 years",0,0,24.153,0
"2995",14888,"12-15 years",0,0,13.903,0
"2996",14901,"< 12 years",0,0,2.4885,1
"2997",14907,"< 12 years",0,1,34.664,0
"2998",14916,"< 12 years",1,1,6.1305,1
"2999",14922,"< 12 years",1,0,2.2775,1
"3000",14929,"12-15 years",1,0,11.335,1
"3001",14938,"16+ years",1,0,3.129,0
"3002",14951,"12-15 years",0,1,32.6025,1
"3003",14957,"< 12 years",1,0,7.08,1
"3004",14958,"12-15 years",1,0,7.8195,1
"3005",14962,"16+ years",1,1,12.687,0
"3006",14972,"< 12 years",0,1,50.639,0
"3007",14985,"12-15 years",0,0,30.1655,1
"3008",14988,"12-15 years",0,0,32,0
"3009",14992,"12-15 years",0,1,7.066,0
"3010",15005,"12-15 years",1,1,24.9995,1
"3011",15007,"< 12 years",1,1,5.2045,1
"3012",15011,"< 12 years",0,1,0.194,1
"3013",15018,"< 12 years",1,1,4.115,0
"3014",15027,"12-15 years",0,0,4.468,0
"3015",15038,"12-15 years",0,0,9.651,0
"3016",15041,"< 12 years",0,0,31.173,0
"3017",15046,"< 12 years",0,0,51.337,0
"3018",15057,"< 12 years",0,1,9.024,1
"3019",15061,"12-15 years",1,0,0.222,0
"3020",15079,"12-15 years",0,0,3.1565,1
"3021",15086,"12-15 years",0,0,14.168,1
"3022",15090,"12-15 years",1,1,2.171,0
"3023",15095,"< 12 years",0,1,0.687,0
"3024",15101,"< 12 years",1,1,3.379,0
"3025",15107,"< 12 years",1,1,5.1935,1
"3026",15113,"12-15 years",1,0,2.927,0
"3027",15115,"12-15 years",1,0,11.3565,1
"3028",15126,"12-15 years",0,1,12.263,0
"3029",15137,"12-15 years",0,0,8.945,0
"3030",15138,"12-15 years",0,0,20.605,0
"3031",15140,"< 12 years",1,0,26.001,0
"3032",15142,"< 12 years",1,1,35.274,0
"3033",15158,"12-15 years",0,1,1.1665,1
"3034",15161,"< 12 years",1,0,12.999,0
"3035",15164,"12-15 years",0,1,13.9195,1
"3036",15167,"12-15 years",1,1,12.553,1
"3037",15169,"< 12 years",1,1,37.158,0
"3038",15172,"< 12 years",0,1,37.158,0
"3039",15176,"12-15 years",1,1,12.726,0
"3040",15183,"< 12 years",1,0,7.592,0
"3041",15185,"< 12 years",1,1,1.5115,1
"3042",15186,"12-15 years",0,0,7.05,0
"3043",15190,"< 12 years",0,1,28,0
"3044",15193,"12-15 years",0,0,6.8365,1
"3045",15196,"< 12 years",0,1,12.085,1
"3046",15219,"12-15 years",1,0,15.847,0
"3047",15226,"< 12 years",1,0,15.847,0
"3048",15234,"12-15 years",1,0,11.105,0
"3049",15243,"< 12 years",1,0,6.007,0
"3050",15257,"< 12 years",1,0,1.812,0
"3051",15259,"< 12 years",0,0,14.998,0
"3052",15262,"< 12 years",0,0,14.998,0
"3053",15266,"< 12 years",1,1,54.418,0
"3054",15275,"< 12 years",1,0,22.946,0
"3055",15314,"16+ years",1,0,12.816,0
"3056",15347,"16+ years",0,0,5.67,0
"3057",15355,"16+ years",0,0,2.33,0
"3058",15364,"< 12 years",0,0,0.348,0
"3059",15376,"12-15 years",0,1,5.331,0
"3060",15379,"< 12 years",0,1,18.669,0
"3061",15403,"12-15 years",0,1,7.922,0
"3062",15406,"< 12 years",0,1,35.507,0
"3063",15410,"12-15 years",1,0,9.555,0
"3064",15421,"< 12 years",0,1,20.684,0
"3065",15427,"12-15 years",1,1,13.2375,1
"3066",15442,"< 12 years",0,0,9.231,1
"3067",15445,"12-15 years",0,0,7.042,0
"3068",15451,"< 12 years",0,0,35.187,0
"3069",15462,"< 12 years",1,0,22.563,0
"3070",15464,"< 12 years",1,0,27.529,0
"3071",15468,"< 12 years",1,0,9.254,0
"3072",15471,"16+ years",0,0,10.749,1
"3073",15474,"12-15 years",0,1,43.017,0
"3074",15477,"< 12 years",0,1,32.999,0
"3075",15482,"12-15 years",0,1,2.516,0
"3076",15488,"< 12 years",0,0,17.999,0
"3077",15490,"12-15 years",0,1,1.29,0
"3078",15492,"< 12 years",1,0,10.133,1
"3079",15495,"12-15 years",0,1,4,0
"3080",15498,"12-15 years",0,1,33.919,0
"3081",15502,"12-15 years",0,0,5.2485,1
"3082",15508,"12-15 years",0,0,6.9155,1
"3083",15511,"12-15 years",0,1,15.4195,1
"3084",15513,"< 12 years",1,0,31.855,0
"3085",15516,"12-15 years",0,1,12.504,1
"3086",15520,"< 12 years",0,1,42.949,0
"3087",15523,"< 12 years",0,1,1.2925,1
"3088",15529,"12-15 years",0,0,10.004,0
"3089",15536,"12-15 years",0,0,22.138,0
"3090",15544,"< 12 years",0,0,6.442,0
"3091",15563,"12-15 years",0,0,6.919,0
"3092",15572,"16+ years",0,0,14.768,0
"3093",15587,"< 12 years",1,1,42.847,0
"3094",15590,"12-15 years",0,1,42.847,0
"3095",15620,"12-15 years",1,0,5.812,0
"3096",15629,"12-15 years",1,0,11.959,0
"3097",15631,"< 12 years",1,1,50.877,0
"3098",15635,"12-15 years",0,1,16.005,0
"3099",15639,"12-15 years",0,0,14.757,0
"3100",15645,"12-15 years",1,0,3.146,0
"3101",15651,"< 12 years",0,0,15.02,0
"3102",15653,"12-15 years",1,0,12.654,0
"3103",15666,"12-15 years",0,0,9.44,0
"3104",15672,"< 12 years",0,1,24,0
"3105",15703,"12-15 years",0,1,20.775,0
"3106",15704,"< 12 years",1,1,3.08,1
"3107",15710,"< 12 years",0,0,9.1715,1
"3108",15717,"< 12 years",0,0,5.914,1
"3109",15721,"< 12 years",0,0,5.711,0
"3110",15733,"< 12 years",0,0,2.1655,1
"3111",15735,"< 12 years",0,0,46.16,0
"3112",15738,"< 12 years",0,1,29.999,0
"3113",15744,"< 12 years",0,0,46.511,0
"3114",15747,"< 12 years",0,0,46.511,0
"3115",15752,"12-15 years",0,0,23.075,0
"3116",15758,"< 12 years",1,1,4.578,1
"3117",15761,"< 12 years",0,1,6.6255,1
"3118",15763,"< 12 years",0,0,43.715,0
"3119",15765,"< 12 years",0,0,6.998,0
"3120",15767,"< 12 years",0,0,15.587,1
"3121",15771,"< 12 years",0,0,3.253,0
"3122",15781,"12-15 years",1,0,3.203,0
"3123",15790,"12-15 years",1,0,11.978,0
"3124",15801,"12-15 years",0,1,8.6215,1
"3125",15804,"< 12 years",0,1,47.42,0
"3126",15813,"12-15 years",1,0,7.176,0
"3127",15827,"12-15 years",1,0,2.062,0
"3128",15837,"< 12 years",1,0,9.48,1
"3129",15851,"12-15 years",1,0,11.546,0
"3130",15860,"< 12 years",0,1,54.059,0
"3131",15870,"12-15 years",0,0,11.42,0
"3132",15881,"< 12 years",0,0,19.283,0
"3133",15884,"12-15 years",0,0,11.86,0
"3134",15889,"12-15 years",0,0,7.25,1
"3135",15897,"12-15 years",1,0,9.246,0
"3136",15899,"< 12 years",1,1,1.506,0
"3137",15901,"< 12 years",0,1,8.668,1
"3138",15911,"16+ years",0,1,6.234,0
"3139",15920,"< 12 years",1,1,54.943,0
"3140",15921,"< 12 years",1,0,19.748,0
"3141",15927,"< 12 years",1,0,9.656,0
"3142",15929,"< 12 years",0,1,10.253,1
"3143",15935,"< 12 years",1,0,41.6275,1
"3144",15937,"< 12 years",0,0,0.9995,1
"3145",15942,"< 12 years",0,0,13.435,0
"3146",15946,"12-15 years",1,0,2.475,0
"3147",15964,"12-15 years",0,1,4.164,0
"3148",15967,"< 12 years",0,1,3.669,0
"3149",15975,"12-15 years",1,0,6.919,0
"3150",15994,"12-15 years",1,0,1.897,0
"3151",16005,"< 12 years",1,1,18.992,0
"3152",16013,"< 12 years",1,0,19.107,0
"3153",16020,"< 12 years",1,0,9.974,0
"3154",16024,"12-15 years",1,0,5.733,1
"3155",16031,"12-15 years",0,1,13.173,0
"3156",16053,"12-15 years",1,0,11.069,0
"3157",16062,"12-15 years",0,1,5.418,1
"3158",16071,"16+ years",1,1,6.7895,1
"3159",16075,"< 12 years",0,0,7.001,0
"3160",16077,"< 12 years",1,0,24.999,0
"3161",16079,"< 12 years",1,1,46.65,0
"3162",16087,"16+ years",1,0,0.956,0
"3163",16104,"12-15 years",1,0,5.7495,1
"3164",16122,"12-15 years",1,0,13.383,0
"3165",16125,"12-15 years",0,0,15.997,0
"3166",16127,"12-15 years",0,0,34.809,0
"3167",16130,"12-15 years",0,0,34.809,0
"3168",16134,"< 12 years",0,0,9.93,0
"3169",16140,"12-15 years",0,0,2.075,1
"3170",16141,"12-15 years",0,0,9.93,0
"3171",16144,"12-15 years",0,1,24.999,0
"3172",16146,"12-15 years",1,1,36.586,0
"3173",16152,"< 12 years",1,0,2.3055,1
"3174",16155,"12-15 years",1,0,19.37,0
"3175",16160,"< 12 years",1,1,49.287,0
"3176",16166,"16+ years",0,0,10.086,1
"3177",16167,"16+ years",0,0,11.159,0
"3178",16171,"< 12 years",0,0,6.597,1
"3179",16173,"< 12 years",1,1,30.5285,1
"3180",16176,"12-15 years",0,1,31.918,1
"3181",16206,"12-15 years",0,1,30.018,0
"3182",16208,"< 12 years",1,0,9.9,1
"3183",16217,"< 12 years",0,1,6.886,0
"3184",16218,"12-15 years",1,0,6.886,0
"3185",16228,"12-15 years",1,0,0.862,0
"3186",16232,"12-15 years",1,1,0.999,0
"3187",16246,"< 12 years",0,1,3.11,0
"3188",16258,"12-15 years",0,1,16,1
"3189",16262,"< 12 years",1,1,0.58,1
"3190",16269,"< 12 years",0,0,27.001,0
"3191",16271,"< 12 years",0,0,6.166,1
"3192",16273,"< 12 years",0,1,14.2095,1
"3193",16276,"< 12 years",0,1,18.667,0
"3194",16281,"12-15 years",1,1,30.91,0
"3195",16287,"12-15 years",1,0,3.751,1
"3196",16291,"12-15 years",1,0,3.751,1
"3197",16296,"< 12 years",0,1,5.67,1
"3198",16300,"< 12 years",1,1,5.4185,1
"3199",16314,"12-15 years",0,1,5.038,0
"3200",16318,"< 12 years",0,1,5.67,1
"3201",16323,"12-15 years",1,0,7.786,0
"3202",16330,"< 12 years",1,0,6.995,0
"3203",16336,"12-15 years",1,0,6.995,0
"3204",16341,"12-15 years",1,1,8,1
"3205",16342,"16+ years",1,1,8,1
"3206",16347,"< 12 years",1,1,6.1655,1
"3207",16349,"12-15 years",1,0,5.002,0
"3208",16358,"12-15 years",0,0,20.167,1
"3209",16364,"12-15 years",0,0,25.752,0
"3210",16367,"< 12 years",0,1,20,0
"3211",16369,"< 12 years",1,1,18.998,0
"3212",16386,"< 12 years",1,1,13.002,0
"3213",16397,"< 12 years",1,0,8.427,1
"3214",16403,"< 12 years",1,0,4.832,1
"3215",16406,"12-15 years",1,0,4.832,1
"3216",16412,"< 12 years",0,1,23.2935,1
"3217",16415,"< 12 years",0,1,25.123,0
"3218",16428,"< 12 years",1,1,2.1275,1
"3219",16429,"< 12 years",0,1,15.0855,1
"3220",16436,"12-15 years",1,1,4.942,0
"3221",16440,"16+ years",0,0,19.146,0
"3222",16445,"12-15 years",0,0,5.9575,1
"3223",16448,"12-15 years",0,1,33.859,0
"3224",16454,"< 12 years",0,1,9.977,0
"3225",16457,"< 12 years",0,1,20.3285,1
"3226",16466,"< 12 years",1,1,7.299,0
"3227",16472,"12-15 years",1,0,4.249,0
"3228",16474,"12-15 years",1,1,49.834,0
"3229",16478,"12-15 years",1,0,6.85,0
"3230",16485,"12-15 years",1,1,7.299,0
"3231",16487,"< 12 years",1,0,24.999,0
"3232",16489,"< 12 years",1,1,39.247,0
"3233",16494,"12-15 years",0,1,16.444,0
"3234",16509,"12-15 years",1,0,9.405,0
"3235",16517,"12-15 years",1,0,6.617,0
"3236",16533,"< 12 years",1,1,18.374,0
"3237",16537,"< 12 years",1,0,18.374,0
"3238",16557,"12-15 years",0,1,24,0
"3239",16559,"< 12 years",1,1,10.001,0
"3240",16562,"< 12 years",0,1,10.001,0
"3241",16564,"< 12 years",1,1,49.35,0
"3242",16569,"12-15 years",1,0,6.877,0
"3243",16576,"12-15 years",1,1,6.954,1
"3244",16582,"12-15 years",1,0,11.847,0
"3245",16592,"< 12 years",0,1,4.068,0
"3246",16594,"< 12 years",1,0,19.88,0
"3247",16598,"12-15 years",1,0,4.068,0
"3248",16600,"< 12 years",1,1,18.905,1
"3249",16603,"< 12 years",0,1,36.58,0
"3250",16608,"12-15 years",0,1,2.908,0
"3251",16611,"< 12 years",1,1,6.664,1
"3252",16613,"< 12 years",1,1,10.998,1
"3253",16626,"12-15 years",0,1,14.762,0
"3254",16631,"12-15 years",1,1,10.962,0
"3255",16633,"12-15 years",0,1,17.758,0
"3256",16636,"< 12 years",1,0,0.816,0
"3257",16638,"< 12 years",1,0,17.7465,1
"3258",16640,"< 12 years",1,1,28.419,0
"3259",16643,"< 12 years",0,1,26.582,0
"3260",16652,"< 12 years",1,1,4.134,1
"3261",16654,"12-15 years",0,1,15.959,0
"3262",16658,"< 12 years",1,0,6.888,0
"3263",16667,"12-15 years",1,0,3.2825,1
"3264",16669,"< 12 years",1,0,41.391,0
"3265",16679,"16+ years",0,0,13.196,0
"3266",16685,"16+ years",0,0,25.886,0
"3267",16686,"12-15 years",0,0,25.886,0
"3268",16689,"12-15 years",0,1,9.6535,1
"3269",16691,"< 12 years",1,1,59.452,0
"3270",16695,"12-15 years",0,1,21.93,0
"3271",16699,"< 12 years",1,1,6.59,1
"3272",16706,"16+ years",1,0,7.915,0
"3273",16709,"12-15 years",0,1,32.621,0
"3274",16713,"< 12 years",0,1,22.858,0
"3275",16715,"< 12 years",1,0,29.478,0
"3276",16717,"< 12 years",1,1,21.584,1
"3277",16720,"< 12 years",0,1,28.9365,1
"3278",16724,"12-15 years",0,1,3.083,1
"3279",16731,"< 12 years",1,0,12.89,0
"3280",16733,"16+ years",1,0,16.95,0
"3281",16735,"12-15 years",1,1,5.032,1
"3282",16737,"< 12 years",1,1,40.98,0
"3283",16741,"< 12 years",1,0,2.6635,1
"3284",16746,"< 12 years",1,1,8.616,1
"3285",16750,"12-15 years",1,1,12.671,1
"3286",16769,"12-15 years",1,1,16.216,0
"3287",16780,"12-15 years",1,0,4.17,1
"3288",16788,"12-15 years",1,0,1.314,0
"3289",16797,"< 12 years",0,1,11.4115,1
"3290",16809,"12-15 years",1,0,22.93,0
"3291",16821,"< 12 years",0,1,19.001,0
"3292",16830,"12-15 years",1,0,9.413,1
"3293",16843,"12-15 years",0,1,41.158,0
"3294",16851,"16+ years",1,1,2.094,0
"3295",16855,"< 12 years",0,0,22.346,0
"3296",16865,"< 12 years",1,0,0.301,0
"3297",16880,"< 12 years",1,0,0.301,0
"3298",16882,"12-15 years",1,1,28.342,0
"3299",16887,"12-15 years",0,1,8.942,0
"3300",16892,"< 12 years",0,1,36.474,0
"3301",16900,"12-15 years",1,1,3.8355,1
"3302",16904,"< 12 years",1,1,27.88,0
"3303",16908,"< 12 years",1,0,1.418,0
"3304",16914,"< 12 years",1,0,0.728,0
"3305",16916,"< 12 years",1,1,28.882,0
"3306",16930,"< 12 years",1,1,24.334,1
"3307",16939,"< 12 years",1,0,13.079,0
"3308",16942,"12-15 years",1,1,19.075,0
"3309",16944,"< 12 years",1,1,49.963,0
"3310",16955,"< 12 years",0,1,41.361,0
"3311",16961,"16+ years",0,1,25.572,0
"3312",16965,"< 12 years",0,1,50.157,0
"3313",16971,"16+ years",0,0,24.931,0
"3314",16981,"12-15 years",0,0,11.239,1
"3315",16985,"< 12 years",0,0,20.912,0
"3316",16996,"16+ years",0,0,20.085,0
"3317",17001,"12-15 years",0,0,6.9185,1
"3318",17003,"12-15 years",0,0,13.5825,1
"3319",17009,"12-15 years",0,0,6.653,1
"3320",17018,"12-15 years",0,0,3.918,0
"3321",17024,"12-15 years",0,1,3.5485,1
"3322",17033,"< 12 years",1,0,8.485,0
"3323",17035,"< 12 years",1,1,17.892,0
"3324",17041,"< 12 years",1,0,22.6555,1
"3325",17045,"16+ years",1,0,1.541,0
"3326",17053,"< 12 years",0,0,12.0905,1
"3327",17057,"12-15 years",0,0,18.086,0
"3328",17060,"12-15 years",0,0,18.086,0
"3329",17063,"< 12 years",0,1,10.166,0
"3330",17069,"< 12 years",1,1,10.0865,1
"3331",17071,"< 12 years",1,0,17.3855,1
"3332",17073,"12-15 years",1,1,14.001,0
"3333",17076,"12-15 years",0,1,13.251,1
"3334",17081,"< 12 years",1,1,14.04,1
"3335",17089,"< 12 years",0,0,15.781,0
"3336",17090,"< 12 years",0,0,2.6475,1
"3337",17092,"12-15 years",0,0,22.1625,1
"3338",17112,"< 12 years",0,1,24.917,0
"3339",17125,"< 12 years",1,0,13.06,0
"3340",17131,"12-15 years",1,0,10.932,1
"3341",17134,"12-15 years",1,0,13.06,0
"3342",17136,"< 12 years",1,1,51.666,0
"3343",17141,"12-15 years",1,0,17.013,0
"3344",17144,"12-15 years",0,1,28.37,0
"3345",17148,"< 12 years",1,1,4.318,0
"3346",17157,"12-15 years",0,1,6.4175,1
"3347",17162,"12-15 years",1,0,1.227,0
"3348",17163,"< 12 years",1,0,0.986,0
"3349",17173,"< 12 years",1,0,7.097,0
"3350",17175,"< 12 years",0,1,36.9885,1
"3351",17180,"12-15 years",1,0,12.945,0
"3352",17190,"< 12 years",1,1,1.966,1
"3353",17211,"12-15 years",0,0,2.913,0
"3354",17219,"< 12 years",0,1,31.567,0
"3355",17226,"< 12 years",1,1,4.156,1
"3356",17229,"< 12 years",1,0,16.434,1
"3357",17231,"12-15 years",1,0,6.382,1
"3358",17233,"< 12 years",1,0,19.003,0
"3359",17237,"< 12 years",1,0,33.651,0
"3360",17242,"< 12 years",0,1,27.264,0
"3361",17249,"< 12 years",0,1,6.319,0
"3362",17255,"12-15 years",1,0,13.415,0
"3363",17264,"12-15 years",0,1,4.457,0
"3364",17271,"< 12 years",1,1,0.444,0
"3365",17272,"16+ years",1,0,8.5855,1
"3366",17275,"12-15 years",0,1,15.828,0
"3367",17280,"12-15 years",1,1,17.144,0
"3368",17283,"< 12 years",0,1,44.747,0
"3369",17290,"< 12 years",1,0,4.372,0
"3370",17294,"12-15 years",1,0,7.269,0
"3371",17302,"12-15 years",0,1,18.73,0
